,First,Last,Year,Tm,Pos,Age,FantasyPoints,Player
19,Carson,Palmer,2005,CIN,QB,26.0,263.54,Carson Palmer
27,Tom,Brady,2005,NWE,QB,28.0,249.3,Tom Brady
31,Peyton,Manning,2005,IND,QB,29.0,244.38,Peyton Manning
43,Matt,Hasselbeck,2005,SEA,QB,30.0,230.76,Matt Hasselbeck
50,Eli,Manning,2005,NYG,QB,24.0,222.48,Eli Manning
51,Michael,Vick,2005,ATL,QB,25.0,215.78000000000003,Michael Vick
57,Drew,Bledsoe,2005,DAL,QB,33.0,204.56,Drew Bledsoe
59,Jake,Plummer,2005,DEN,QB,31.0,215.74,Jake Plummer
60,Drew,Brees,2005,SDG,QB,26.0,209.94,Drew Brees
62,Trent,Green,2005,KAN,QB,35.0,208.76,Trent Green
68,Kerry,Collins,2005,OAK,QB,33.0,208.26,Kerry Collins
77,Jake,Delhomme,2005,CAR,QB,30.0,195.94,Jake Delhomme
78,Mark,Brunell,2005,WAS,QB,35.0,193.1,Mark Brunell
79,Steve,McNair,2005,TEN,QB,32.0,180.34,Steve McNair
80,Brett,Favre,2005,GNB,QB,36.0,169.44,Brett Favre
81,Aaron,Brooks,2005,NOR,QB,29.0,169.38,Aaron Brooks
82,David,Carr,2005,HOU,QB,26.0,158.32,David Carr
83,Gus,Frerotte,2005,MIA,QB,34.0,163.94,Gus Frerotte
84,Ben,Roethlisberger,2005,PIT,QB,23.0,168.3,Ben Roethlisberger
85,Donovan,McNabb,2005,PHI,QB,29.0,151.78,Donovan McNabb
86,Byron,Leftwich,2005,JAX,QB,25.0,147.62,Byron Leftwich
87,Kurt,Warner,2005,ARI,QB,34.0,128.32,Kurt Warner
89,Marc,Bulger,2005,STL,QB,28.0,129.88,Marc Bulger
91,Brad,Johnson,2005,MIN,QB,37.0,114.7,Brad Johnson
95,Trent,Dilfer,2005,CLE,QB,33.0,103.44,Trent Dilfer
100,Joey,Harrington,2005,DET,QB,27.0,105.44,Joey Harrington
101,Chris,Simms,2005,TAM,QB,25.0,103.2,Chris Simms
108,Kyle,Boller,2005,BAL,QB,24.0,100.56,Kyle Boller
111,Josh,McCown,2005,ARI,QB,26.0,99.34,Josh McCown
116,David,Garrard,2005,JAX,QB,27.0,91.88,David Garrard
120,Brooks,Bollinger,2005,NYJ,QB,26.0,89.82,Brooks Bollinger
123,Kelly,Holcomb,2005,BUF,QB,32.0,81.46,Kelly Holcomb
126,Kyle,Orton,2005,CHI,QB,23.0,79.16000000000003,Kyle Orton
132,Daunte,Culpepper,2005,MIN,QB,28.0,77.26,Daunte Culpepper
133,J.P.,Losman,2005,BUF,QB,24.0,79.0,J.P. Losman
141,Mike,McMahon,2005,PHI,QB,26.0,76.11999999999998,Mike McMahon
146,Anthony,Wright,2005,BAL,QB,29.0,74.08,Anthony Wright
178,Brian,Griese,2005,TAM,QB,30.0,58.64,Brian Griese
180,Jamie,Martin,2005,STL,QB,35.0,55.68,Jamie Martin
184,Charlie,Frye,2005,CLE,QB,24.0,50.08,Charlie Frye
203,Ryan,Fitzpatrick,2005,STL,QB,23.0,47.48,Ryan Fitzpatrick
204,Jeff,Garcia,2005,DET,QB,35.0,48.58,Jeff Garcia
208,Matt,Schaub,2005,ATL,QB,24.0,41.4,Matt Schaub
243,Tim,Rattay,2005,SFO,QB,28.0,34.48,Tim Rattay
247,Vinny,Testaverde,2005,NYJ,QB,42.0,23.48,Vinny Testaverde
258,Billy,Volek,2005,TEN,QB,29.0,27.26,Billy Volek
261,Sage,Rosenfels,2005,MIA,QB,27.0,29.980000000000004,Sage Rosenfels
268,Jim,Sorgi,2005,IND,QB,25.0,25.86000000000001,Jim Sorgi
273,Alex,Smith,2005,SFO,QB,21.0,23.3,Alex Smith
276,Ken,Dorsey,2005,SFO,QB,24.0,22.34,Ken Dorsey
280,Chad,Pennington,2005,NYJ,QB,29.0,23.9,Chad Pennington
285,Todd,Bouman,2005,NOR,QB,33.0,18.379999999999995,Todd Bouman
300,Charlie,Batch,2005,PIT,QB,31.0,20.84,Charlie Batch
311,Tommy,Maddox,2005,PIT,QB,34.0,14.84,Tommy Maddox
327,Matt,Cassel,2005,NWE,QB,23.0,14.52,Matt Cassel
348,Patrick,Ramsey,2005,WAS,QB,26.0,11.46,Patrick Ramsey
352,Quinn,Gray,2005,JAX,QB,26.0,10.1,Quinn Gray
362,Bradlee,Van,2005,DEN,QB,25.0,11.08,Bradlee Van Pelt
366,Rex,Grossman,2005,CHI,QB,25.0,10.36,Rex Grossman
376,John,Navarre,2005,ARI,QB,25.0,8.96,John Navarre
388,Jay,Fiedler,2005,NYJ,QB,34.0,8.280000000000001,Jay Fiedler
392,Seneca,Wallace,2005,SEA,QB,25.0,8.42,Seneca Wallace
394,Tony,Banks,2005,HOU,QB,32.0,6.72,Tony Banks
398,Matt,Mauck,2005,TEN,QB,26.0,5.34,Matt Mauck
402,Marques,Tuiasosopo,2005,OAK,QB,26.0,2.860000000000001,Marques Tuiasosopo
406,Jeff,Blake,2005,CHI,QB,35.0,6.1000000000000005,Jeff Blake
417,Cody,Pickett,2005,SFO,QB,25.0,5.8,Cody Pickett
421,Chris,Weinke,2005,CAR,QB,33.0,6.0600000000000005,Chris Weinke
428,Koy,Detmer,2005,PHI,QB,32.0,-0.3800000000000003,Koy Detmer
448,Dan,Orlovsky,2005,DET,QB,22.0,0.52,Dan Orlovsky
451,Philip,Rivers,2005,SDG,QB,24.0,2.5,Philip Rivers
472,Kordell,Stewart,2005,BAL,QB,33.0,2.4,Kordell Stewart
486,Doug,Flutie,2005,NWE,QB,43.0,-0.9400000000000002,Doug Flutie
490,Kliff,Kingsbury,2005,NYJ,QB,26.0,0.68,Kliff Kingsbury
491,Jon,Kitna,2005,CIN,QB,33.0,1.36,Jon Kitna
498,Aaron,Rodgers,2005,GNB,QB,22.0,-2.7,Aaron Rodgers
520,Todd,Collins,2005,KAN,QB,34.0,-0.2,Todd Collins
534,Tim,Hasselbeck,2005,NYG,QB,27.0,-0.3,Tim Hasselbeck
535,Shaun,Hill,2005,MIN,QB,25.0,-0.2,Shaun Hill
566,Tony,Romo,2005,DAL,QB,25.0,-0.2,Tony Romo
3,Peyton,Manning,2006,IND,QB,30.0,307.48,Peyton Manning
10,Michael,Vick,2006,ATL,QB,26.0,263.96,Michael Vick
11,Drew,Brees,2006,NOR,QB,27.0,255.92,Drew Brees
14,Marc,Bulger,2006,STL,QB,29.0,250.44,Marc Bulger
20,Carson,Palmer,2006,CIN,QB,27.0,237.1,Carson Palmer
28,Jon,Kitna,2006,DET,QB,34.0,217.92,Jon Kitna
32,Tom,Brady,2006,NWE,QB,29.0,215.36,Tom Brady
50,Philip,Rivers,2006,SDG,QB,25.0,206.42,Philip Rivers
54,Vince,Young,2006,TEN,QB,23.0,201.16,Vince Young
62,Donovan,McNabb,2006,PHI,QB,30.0,201.08,Donovan McNabb
67,Brett,Favre,2006,GNB,QB,37.0,184.3,Brett Favre
75,Eli,Manning,2006,NYG,QB,25.0,187.86,Eli Manning
78,J.P.,Losman,2006,BUF,QB,25.0,176.04000000000005,J.P. Losman
79,Ben,Roethlisberger,2006,PIT,QB,24.0,184.32,Ben Roethlisberger
80,Chad,Pennington,2006,NYJ,QB,30.0,173.68,Chad Pennington
81,Rex,Grossman,2006,CHI,QB,26.0,170.51999999999995,Rex Grossman
82,Steve,McNair,2006,BAL,QB,33.0,177.9,Steve McNair
83,Tony,Romo,2006,DAL,QB,26.0,170.32,Tony Romo
84,Alex,Smith,2006,SFO,QB,22.0,164.29999999999995,Alex Smith
85,David,Carr,2006,HOU,QB,27.0,150.18,David Carr
86,Jake,Delhomme,2006,CAR,QB,31.0,151.39999999999995,Jake Delhomme
88,Matt,Hasselbeck,2006,SEA,QB,31.0,146.68,Matt Hasselbeck
91,Charlie,Frye,2006,CLE,QB,25.0,129.66,Charlie Frye
92,Matt,Leinart,2006,ARI,QB,23.0,134.78,Matt Leinart
96,Brad,Johnson,2006,MIN,QB,38.0,130.2,Brad Johnson
99,Damon,Huard,2006,KAN,QB,33.0,109.42000000000002,Damon Huard
104,David,Garrard,2006,JAX,QB,28.0,112.4,David Garrard
108,Jake,Plummer,2006,DEN,QB,32.0,110.96,Jake Plummer
110,Joey,Harrington,2006,MIA,QB,28.0,107.84,Joey Harrington
117,Mark,Brunell,2006,WAS,QB,36.0,96.96,Mark Brunell
121,Bruce,Gradkowski,2006,TAM,QB,23.0,88.53999999999998,Bruce Gradkowski
124,Jeff,Garcia,2006,PHI,QB,36.0,93.06,Jeff Garcia
132,Jason,Campbell,2006,WAS,QB,25.0,90.58,Jason Campbell
145,Byron,Leftwich,2006,JAX,QB,26.0,80.46,Byron Leftwich
151,Drew,Bledsoe,2006,DAL,QB,34.0,71.36,Drew Bledsoe
154,Trent,Green,2006,KAN,QB,36.0,63.58000000000001,Trent Green
161,Kurt,Warner,2006,ARI,QB,35.0,63.38,Kurt Warner
162,Jay,Cutler,2006,DEN,QB,23.0,63.83999999999999,Jay Cutler
168,Seneca,Wallace,2006,SEA,QB,26.0,61.28,Seneca Wallace
189,Andrew,Walter,2006,OAK,QB,24.0,38.08,Andrew Walter
195,Aaron,Brooks,2006,OAK,QB,30.0,46.6,Aaron Brooks
204,Daunte,Culpepper,2006,MIA,QB,29.0,47.16,Daunte Culpepper
220,Tim,Rattay,2006,TAM,QB,29.0,40.22,Tim Rattay
222,Charlie,Batch,2006,PIT,QB,32.0,39.18,Charlie Batch
226,Derek,Anderson,2006,CLE,QB,23.0,38.42,Derek Anderson
228,Kyle,Boller,2006,BAL,QB,25.0,36.8,Kyle Boller
246,Tarvaris,Jackson,2006,MIN,QB,23.0,30.70000000000001,Tarvaris Jackson
273,Chris,Weinke,2006,CAR,QB,34.0,26.6,Chris Weinke
275,A.J.,Feeley,2006,PHI,QB,29.0,23.98,A.J. Feeley
280,Cleo,Lemon,2006,MIA,QB,27.0,23.18,Cleo Lemon
288,Quinn,Gray,2006,JAX,QB,27.0,21.24,Quinn Gray
290,Sage,Rosenfels,2006,HOU,QB,28.0,21.1,Sage Rosenfels
294,Chris,Simms,2006,TAM,QB,26.0,20.1,Chris Simms
314,Kerry,Collins,2006,TEN,QB,34.0,13.96,Kerry Collins
321,Brad,Smith,2006,NYJ,QB,23.0,25.4,Brad Smith
355,Jamie,Martin,2006,NOR,QB,36.0,8.32,Jamie Martin
358,Matt,Schaub,2006,ATL,QB,25.0,10.42,Matt Schaub
366,Brian,Griese,2006,CHI,QB,31.0,6.3000000000000025,Brian Griese
383,Charlie,Whitehurst,2006,SDG,QB,24.0,7.3,Charlie Whitehurst
394,Marques,Tuiasosopo,2006,OAK,QB,27.0,5.620000000000001,Marques Tuiasosopo
404,Brooks,Bollinger,2006,MIN,QB,27.0,3.84,Brooks Bollinger
419,Vinny,Testaverde,2006,NWE,QB,43.0,4.36,Vinny Testaverde
435,Aaron,Rodgers,2006,GNB,QB,23.0,0.9400000000000004,Aaron Rodgers
444,Matt,Cassel,2006,NWE,QB,24.0,-0.3199999999999998,Matt Cassel
453,Josh,McCown,2006,DET,QB,27.0,3.5,Josh McCown
466,Kellen,Clemens,2006,NYJ,QB,23.0,-1.0,Kellen Clemens
471,Gus,Frerotte,2006,STL,QB,35.0,1.08,Gus Frerotte
494,Brett,Basanez,2006,CAR,QB,23.0,0.4400000000000002,Brett Basanez
510,Ken,Dorsey,2006,CLE,QB,25.0,0.0,Ken Dorsey
517,Ryan,Fitzpatrick,2006,STL,QB,24.0,0.0,Ryan Fitzpatrick
537,Jared,Lorenzen,2006,NYG,QB,25.0,0.2,Jared Lorenzen
552,Patrick,Ramsey,2006,NYJ,QB,27.0,0.0,Patrick Ramsey
570,Billy,Volek,2006,SDG,QB,30.0,-0.14,Billy Volek
575,Anthony,Wright,2006,CIN,QB,30.0,0.04,Anthony Wright
579,Ingle,Martin,2006,GNB,QB,24.0,-0.5,Ingle Martin
580,Brodie,Croyle,2006,KAN,QB,23.0,-3.38,Brodie Croyle
0,Tom,Brady,2007,NWE,QB,30.0,390.04,Tom Brady
11,Tony,Romo,2007,DAL,QB,27.0,295.34,Tony Romo
21,Peyton,Manning,2007,IND,QB,31.0,273.1,Peyton Manning
30,Ben,Roethlisberger,2007,PIT,QB,25.0,258.56,Ben Roethlisberger
31,Drew,Brees,2007,NOR,QB,28.0,259.11999999999995,Drew Brees
36,Matt,Hasselbeck,2007,SEA,QB,32.0,247.54,Matt Hasselbeck
38,Derek,Anderson,2007,CLE,QB,24.0,250.48,Derek Anderson
42,Brett,Favre,2007,GNB,QB,38.0,243.4,Brett Favre
61,Carson,Palmer,2007,CIN,QB,28.0,228.24,Carson Palmer
73,Donovan,McNabb,2007,PHI,QB,31.0,206.56,Donovan McNabb
74,Jay,Cutler,2007,DEN,QB,24.0,210.38,Jay Cutler
78,Kurt,Warner,2007,ARI,QB,36.0,204.18,Kurt Warner
79,Jon,Kitna,2007,DET,QB,35.0,192.92,Jon Kitna
80,Eli,Manning,2007,NYG,QB,26.0,184.34,Eli Manning
81,David,Garrard,2007,JAX,QB,29.0,186.86,David Garrard
82,Philip,Rivers,2007,SDG,QB,26.0,177.38,Philip Rivers
83,Jason,Campbell,2007,WAS,QB,26.0,142.5,Jason Campbell
84,Vince,Young,2007,TEN,QB,24.0,153.34,Vince Young
85,Jeff,Garcia,2007,TAM,QB,37.0,157.2,Jeff Garcia
86,Tarvaris,Jackson,2007,MIN,QB,24.0,126.44,Tarvaris Jackson
96,Cleo,Lemon,2007,MIA,QB,28.0,111.12,Cleo Lemon
97,Sage,Rosenfels,2007,HOU,QB,29.0,108.46,Sage Rosenfels
102,Matt,Schaub,2007,HOU,QB,26.0,106.84,Matt Schaub
104,Marc,Bulger,2007,STL,QB,30.0,104.98,Marc Bulger
108,Damon,Huard,2007,KAN,QB,34.0,102.18,Damon Huard
113,Joey,Harrington,2007,ATL,QB,29.0,105.3,Joey Harrington
114,Chad,Pennington,2007,NYJ,QB,31.0,99.8,Chad Pennington
127,Kyle,Boller,2007,BAL,QB,26.0,86.62,Kyle Boller
132,Brian,Griese,2007,CHI,QB,32.0,88.92,Brian Griese
140,Daunte,Culpepper,2007,OAK,QB,30.0,79.24000000000002,Daunte Culpepper
142,Trent,Edwards,2007,BUF,QB,24.0,82.10000000000002,Trent Edwards
148,Josh,McCown,2007,OAK,QB,28.0,70.33999999999999,Josh McCown
150,Kellen,Clemens,2007,NYJ,QB,24.0,76.25999999999998,Kellen Clemens
159,Quinn,Gray,2007,JAX,QB,28.0,73.14,Quinn Gray
161,Chris,Redman,2007,ATL,QB,30.0,72.75999999999998,Chris Redman
172,Luke,McCown,2007,TAM,QB,26.0,62.06,Luke McCown
177,Brodie,Croyle,2007,KAN,QB,24.0,56.88,Brodie Croyle
178,J.P.,Losman,2007,BUF,QB,26.0,59.16,J.P. Losman
180,Rex,Grossman,2007,CHI,QB,27.0,55.14,Rex Grossman
186,Jake,Delhomme,2007,CAR,QB,32.0,57.56,Jake Delhomme
192,Todd,Collins,2007,WAS,QB,36.0,51.62000000000001,Todd Collins
199,Trent,Dilfer,2007,SFO,QB,35.0,49.14,Trent Dilfer
211,Trent,Green,2007,MIA,QB,37.0,46.68,Trent Green
212,Fred,Jackson,2007,BUF,QB,26.0,71.0,Fred Jackson
216,Brad,Smith,2007,NYJ,QB,24.0,81.0,Brad Smith
218,Steve,McNair,2007,BAL,QB,34.0,33.72000000000001,Steve McNair
221,Vinny,Testaverde,2007,CAR,QB,44.0,46.28,Vinny Testaverde
222,Gus,Frerotte,2007,STL,QB,36.0,42.86,Gus Frerotte
228,Shaun,Hill,2007,SFO,QB,27.0,43.44,Shaun Hill
231,Alex,Smith,2007,SFO,QB,23.0,35.46,Alex Smith
253,Troy,Smith,2007,BAL,QB,23.0,33.48,Troy Smith
257,A.J.,Feeley,2007,PHI,QB,30.0,33.53999999999999,A.J. Feeley
260,David,Carr,2007,CAR,QB,28.0,33.3,David Carr
265,Matt,Moore,2007,CAR,QB,23.0,31.70000000000001,Matt Moore
274,John,Beck,2007,MIA,QB,26.0,17.56,John Beck
277,Matt,Leinart,2007,ARI,QB,24.0,30.079999999999995,Matt Leinart
281,Kyle,Orton,2007,CHI,QB,25.0,27.02,Kyle Orton
286,Kelly,Holcomb,2007,MIN,QB,34.0,26.6,Kelly Holcomb
308,Brooks,Bollinger,2007,MIN,QB,28.0,17.44,Brooks Bollinger
310,Kerry,Collins,2007,TEN,QB,35.0,18.94,Kerry Collins
314,Seneca,Wallace,2007,SEA,QB,27.0,21.0,Seneca Wallace
333,JaMarcus,Russell,2007,OAK,QB,22.0,11.320000000000002,JaMarcus Russell
340,Aaron,Rodgers,2007,GNB,QB,24.0,15.62,Aaron Rodgers
361,Patrick,Ramsey,2007,DEN,QB,28.0,11.08,Patrick Ramsey
362,Tim,Rattay,2007,ARI,QB,30.0,13.06,Tim Rattay
371,Byron,Leftwich,2007,ATL,QB,27.0,7.8599999999999985,Byron Leftwich
374,Charlie,Batch,2007,PIT,QB,33.0,10.580000000000002,Charlie Batch
399,Jim,Sorgi,2007,IND,QB,27.0,8.88,Jim Sorgi
409,Craig,Nall,2007,GNB,QB,28.0,6.119999999999999,Craig Nall
410,Chris,Weinke,2007,SFO,QB,35.0,8.16,Chris Weinke
413,Matt,Cassel,2007,NWE,QB,25.0,6.72,Matt Cassel
429,Bruce,Gradkowski,2007,TAM,QB,24.0,5.2,Bruce Gradkowski
436,J.T.,O'Sullivan,2007,DET,QB,28.0,2.92,J.T. O'Sullivan
449,Brock,Berlin,2007,STL,QB,26.0,0.52,Brock Berlin
452,Brad,Johnson,2007,DAL,QB,39.0,2.66,Brad Johnson
465,Brady,Quinn,2007,CLE,QB,23.0,1.8,Brady Quinn
469,Andrew,Walter,2007,OAK,QB,25.0,1.52,Andrew Walter
487,Jared,Lorenzen,2007,NYG,QB,26.0,1.32,Jared Lorenzen
536,Tim,Hasselbeck,2007,ARI,QB,29.0,-0.1,Tim Hasselbeck
549,Kevin,Kolb,2007,PHI,QB,23.0,-2.2,Kevin Kolb
552,Jamie,Martin,2007,NOR,QB,37.0,-0.3,Jamie Martin
581,Tyler,Thigpen,2007,KAN,QB,23.0,-0.3600000000000001,Tyler Thigpen
591,Anthony,Wright,2007,NYG,QB,31.0,0.38,Anthony Wright
593,Charlie,Frye,2007,CLE,QB,26.0,-0.5399999999999999,Charlie Frye
594,Matt,Gutierrez,2007,NWE,QB,23.0,-0.7000000000000001,Matt Gutierrez
595,Billy,Volek,2007,SDG,QB,31.0,-4.46,Billy Volek
9,Drew,Brees,2008,NOR,QB,29.0,302.66,Drew Brees
10,Aaron,Rodgers,2008,GNB,QB,25.0,284.22,Aaron Rodgers
16,Philip,Rivers,2008,SDG,QB,27.0,274.76,Philip Rivers
20,Jay,Cutler,2008,DEN,QB,25.0,273.04,Jay Cutler
23,Kurt,Warner,2008,ARI,QB,37.0,261.12,Kurt Warner
36,Peyton,Manning,2008,IND,QB,32.0,252.18000000000004,Peyton Manning
39,Donovan,McNabb,2008,PHI,QB,32.0,243.34,Donovan McNabb
40,Matt,Cassel,2008,NWE,QB,26.0,240.72,Matt Cassel
69,David,Garrard,2008,JAX,QB,30.0,215.40000000000003,David Garrard
71,Tyler,Thigpen,2008,KAN,QB,24.0,215.62,Tyler Thigpen
72,Chad,Pennington,2008,MIA,QB,32.0,218.32,Chad Pennington
78,Tony,Romo,2008,DAL,QB,28.0,204.02,Tony Romo
79,Eli,Manning,2008,NYG,QB,27.0,196.52,Eli Manning
80,Jason,Campbell,2008,WAS,QB,27.0,199.6,Jason Campbell
81,Matt,Ryan,2008,ATL,QB,23.0,194.0,Matt Ryan
82,Brett,Favre,2008,NYJ,QB,39.0,189.38,Brett Favre
83,Kyle,Orton,2008,CHI,QB,26.0,179.78,Kyle Orton
84,Ben,Roethlisberger,2008,PIT,QB,26.0,178.44,Ben Roethlisberger
85,Joe,Flacco,2008,BAL,QB,23.0,182.14,Joe Flacco
86,Matt,Schaub,2008,HOU,QB,27.0,172.52,Matt Schaub
87,Jake,Delhomme,2008,CAR,QB,33.0,177.62,Jake Delhomme
88,Jeff,Garcia,2008,TAM,QB,38.0,161.28000000000003,Jeff Garcia
89,Trent,Edwards,2008,BUF,QB,25.0,151.65999999999997,Trent Edwards
90,JaMarcus,Russell,2008,OAK,QB,23.0,137.62,JaMarcus Russell
91,Kerry,Collins,2008,TEN,QB,36.0,143.94000000000003,Kerry Collins
93,Shaun,Hill,2008,SFO,QB,28.0,137.34,Shaun Hill
97,Marc,Bulger,2008,STL,QB,31.0,126.6,Marc Bulger
98,Ryan,Fitzpatrick,2008,CIN,QB,26.0,123.3,Ryan Fitzpatrick
113,Gus,Frerotte,2008,MIN,QB,37.0,110.98,Gus Frerotte
119,Seneca,Wallace,2008,SEA,QB,28.0,101.08,Seneca Wallace
131,Derek,Anderson,2008,CLE,QB,25.0,86.1,Derek Anderson
134,J.T.,O'Sullivan,2008,SFO,QB,29.0,79.62,J.T. O'Sullivan
139,Tarvaris,Jackson,2008,MIN,QB,25.0,82.74000000000002,Tarvaris Jackson
143,Dan,Orlovsky,2008,DET,QB,25.0,83.54,Dan Orlovsky
174,Sage,Rosenfels,2008,HOU,QB,30.0,60.94000000000001,Sage Rosenfels
192,Matt,Hasselbeck,2008,SEA,QB,33.0,55.54,Matt Hasselbeck
214,Brian,Griese,2008,TAM,QB,33.0,46.82,Brian Griese
227,Daunte,Culpepper,2008,DET,QB,31.0,41.94,Daunte Culpepper
229,Jon,Kitna,2008,DET,QB,36.0,41.72,Jon Kitna
236,J.P.,Losman,2008,BUF,QB,27.0,32.36,J.P. Losman
241,Carson,Palmer,2008,CIN,QB,29.0,37.03999999999999,Carson Palmer
263,Rex,Grossman,2008,CHI,QB,28.0,26.68,Rex Grossman
264,Byron,Leftwich,2008,PIT,QB,28.0,26.82,Byron Leftwich
267,Brady,Quinn,2008,CLE,QB,24.0,26.82,Brady Quinn
299,Damon,Huard,2008,KAN,QB,35.0,18.38,Damon Huard
322,Brad,Johnson,2008,DAL,QB,40.0,14.98,Brad Johnson
326,David,Carr,2008,NYG,QB,29.0,13.6,David Carr
336,Matt,Leinart,2008,ARI,QB,25.0,11.06,Matt Leinart
337,Troy,Smith,2008,BAL,QB,24.0,14.28,Troy Smith
356,Drew,Stanton,2008,DET,QB,24.0,10.76,Drew Stanton
359,Vince,Young,2008,TEN,QB,25.0,11.46,Vince Young
363,Charlie,Frye,2008,SEA,QB,27.0,10.32,Charlie Frye
365,Quinn,Gray,2008,KAN,QB,29.0,9.74,Quinn Gray
372,Trent,Green,2008,STL,QB,38.0,9.4,Trent Green
390,Jim,Sorgi,2008,IND,QB,28.0,7.92,Jim Sorgi
403,Brodie,Croyle,2008,KAN,QB,25.0,6.04,Brodie Croyle
414,Brooks,Bollinger,2008,DAL,QB,29.0,4.84,Brooks Bollinger
429,Andrew,Walter,2008,OAK,QB,26.0,4.0600000000000005,Andrew Walter
434,Tom,Brady,2008,NWE,QB,31.0,3.04,Tom Brady
443,Chad,Henne,2008,MIA,QB,23.0,2.68,Chad Henne
463,Luke,McCown,2008,TAM,QB,27.0,1.5,Luke McCown
483,Ken,Dorsey,2008,CLE,QB,27.0,0.8000000000000007,Ken Dorsey
484,Matt,Flynn,2008,GNB,QB,23.0,0.64,Matt Flynn
488,Drew,Henson,2008,DET,QB,28.0,0.8,Drew Henson
493,Patrick,Ramsey,2008,DEN,QB,29.0,-1.24,Patrick Ramsey
500,Marques,Tuiasosopo,2008,OAK,QB,29.0,1.26,Marques Tuiasosopo
506,Brock,Berlin,2008,STL,QB,27.0,0.24,Brock Berlin
517,Dennis,Dixon,2008,PIT,QB,23.0,-0.18,Dennis Dixon
538,Cleo,Lemon,2008,JAX,QB,29.0,-0.3,Cleo Lemon
541,Josh,McCown,2008,CAR,QB,29.0,-0.3,Josh McCown
545,Kevin,O'Connell,2008,NWE,QB,23.0,0.3200000000000001,Kevin O'Connell
555,Chris,Simms,2008,TEN,QB,28.0,0.28,Chris Simms
574,Kellen,Clemens,2008,NYJ,QB,25.0,-1.26,Kellen Clemens
575,Kevin,Kolb,2008,PHI,QB,24.0,-2.04,Kevin Kolb
576,Jordan,Palmer,2008,CIN,QB,24.0,-1.9600000000000004,Jordan Palmer
577,Bruce,Gradkowski,2008,CLE,QB,25.0,-4.76,Bruce Gradkowski
3,Aaron,Rodgers,2009,GNB,QB,26.0,336.9600000000001,Aaron Rodgers
14,Drew,Brees,2009,NOR,QB,30.0,293.42,Drew Brees
26,Brett,Favre,2009,MIN,QB,40.0,281.5800000000001,Brett Favre
27,Matt,Schaub,2009,HOU,QB,28.0,278.5,Matt Schaub
34,Tony,Romo,2009,DAL,QB,29.0,273.82,Tony Romo
36,Peyton,Manning,2009,IND,QB,33.0,278.7,Peyton Manning
38,Philip,Rivers,2009,SDG,QB,28.0,269.16,Philip Rivers
39,Tom,Brady,2009,NWE,QB,32.0,268.31999999999994,Tom Brady
41,Ben,Roethlisberger,2009,PIT,QB,27.0,267.32,Ben Roethlisberger
62,Eli,Manning,2009,NYG,QB,28.0,231.34000000000003,Eli Manning
68,Donovan,McNabb,2009,PHI,QB,33.0,233.22,Donovan McNabb
75,David,Garrard,2009,JAX,QB,31.0,218.18,David Garrard
78,Jay,Cutler,2009,CHI,QB,26.0,223.94,Jay Cutler
79,Kurt,Warner,2009,ARI,QB,38.0,215.12,Kurt Warner
80,Jason,Campbell,2009,WAS,QB,28.0,216.32,Jason Campbell
81,Kyle,Orton,2009,DEN,QB,27.0,215.18,Kyle Orton
82,Carson,Palmer,2009,CIN,QB,30.0,207.06,Carson Palmer
83,Joe,Flacco,2009,BAL,QB,24.0,206.12,Joe Flacco
84,Matt,Ryan,2009,ATL,QB,24.0,183.54,Matt Ryan
85,Matt,Cassel,2009,KAN,QB,27.0,159.86,Matt Cassel
86,Matt,Hasselbeck,2009,SEA,QB,34.0,161.06,Matt Hasselbeck
87,Alex,Smith,2009,SFO,QB,25.0,145.5,Alex Smith
90,Chad,Henne,2009,MIA,QB,24.0,144.32,Chad Henne
92,Vince,Young,2009,TEN,QB,26.0,137.26,Vince Young
95,Mark,Sanchez,2009,NYJ,QB,23.0,128.36,Mark Sanchez
100,Matthew,Stafford,2009,DET,QB,21.0,123.48,Matthew Stafford
116,Josh,Freeman,2009,TAM,QB,21.0,92.4,Josh Freeman
128,Ryan,Fitzpatrick,2009,BUF,QB,27.0,88.97999999999998,Ryan Fitzpatrick
131,Brady,Quinn,2009,CLE,QB,25.0,84.16,Brady Quinn
138,Jake,Delhomme,2009,CAR,QB,34.0,76.6,Jake Delhomme
165,Matt,Moore,2009,CAR,QB,25.0,69.82000000000001,Matt Moore
168,Marc,Bulger,2009,STL,QB,32.0,66.96,Marc Bulger
169,Bruce,Gradkowski,2009,OAK,QB,26.0,65.08,Bruce Gradkowski
171,Trent,Edwards,2009,BUF,QB,26.0,67.35999999999999,Trent Edwards
177,Kerry,Collins,2009,TEN,QB,37.0,60.5,Kerry Collins
185,Shaun,Hill,2009,SFO,QB,29.0,58.72,Shaun Hill
215,Daunte,Culpepper,2009,DET,QB,32.0,46.9,Daunte Culpepper
218,Kevin,Kolb,2009,PHI,QB,25.0,43.54,Kevin Kolb
219,JaMarcus,Russell,2009,OAK,QB,24.0,33.879999999999995,JaMarcus Russell
224,Seneca,Wallace,2009,SEA,QB,29.0,43.1,Seneca Wallace
225,Kyle,Boller,2009,STL,QB,28.0,39.56,Kyle Boller
234,Josh,Johnson,2009,TAM,QB,23.0,40.2,Josh Johnson
236,Chris,Redman,2009,ATL,QB,32.0,41.63999999999999,Chris Redman
239,Derek,Anderson,2009,CLE,QB,26.0,34.32000000000001,Derek Anderson
259,Byron,Leftwich,2009,TAM,QB,29.0,34.36000000000001,Byron Leftwich
268,Michael,Vick,2009,PHI,QB,29.0,28.94,Michael Vick
292,Charlie,Frye,2009,OAK,QB,28.0,23.34,Charlie Frye
296,David,Carr,2009,NYG,QB,30.0,21.7,David Carr
321,Brodie,Croyle,2009,KAN,QB,26.0,17.2,Brodie Croyle
322,Dennis,Dixon,2009,PIT,QB,24.0,16.5,Dennis Dixon
324,Keith,Null,2009,STL,QB,24.0,15.240000000000002,Keith Null
325,Chad,Pennington,2009,MIA,QB,33.0,15.22,Chad Pennington
337,Brian,Hoyer,2009,NWE,QB,24.0,14.18,Brian Hoyer
357,Tarvaris,Jackson,2009,MIN,QB,26.0,11.04,Tarvaris Jackson
358,Matt,Leinart,2009,ARI,QB,26.0,10.8,Matt Leinart
368,Billy,Volek,2009,SDG,QB,33.0,10.34,Billy Volek
383,Troy,Smith,2009,BAL,QB,25.0,8.06,Troy Smith
384,Drew,Stanton,2009,DET,QB,25.0,5.6599999999999975,Drew Stanton
386,Pat,White,2009,MIA,QB,23.0,8.1,Pat White
397,Todd,Collins,2009,WAS,QB,38.0,5.76,Todd Collins
410,Kellen,Clemens,2009,NYJ,QB,26.0,5.1,Kellen Clemens
430,Tyler,Thigpen,2009,2TM,QB,25.0,3.62,Tyler Thigpen
437,J.T.,O'Sullivan,2009,CIN,QB,30.0,-1.2000000000000002,J.T. O'Sullivan
441,Brian,St.,2009,ARI,QB,30.0,2.6800000000000006,Brian St. Pierre
445,Brian,Brohm,2009,BUF,QB,24.0,1.5399999999999998,Brian Brohm
463,Charlie,Batch,2009,PIT,QB,35.0,0.68,Charlie Batch
464,Mark,Brunell,2009,NOR,QB,39.0,0.8800000000000001,Mark Brunell
502,Matt,Flynn,2009,GNB,QB,24.0,-0.1800000000000001,Matt Flynn
504,Jeff,Garcia,2009,PHI,QB,39.0,-2.2,Jeff Garcia
508,Rex,Grossman,2009,HOU,QB,29.0,0.22,Rex Grossman
509,Matt,Gutierrez,2009,KAN,QB,25.0,0.12,Matt Gutierrez
525,J.P.,Losman,2009,OAK,QB,28.0,0.0,J.P. Losman
530,Josh,McCown,2009,CAR,QB,30.0,0.08,Josh McCown
531,Luke,McCown,2009,JAX,QB,28.0,0.08,Luke McCown
541,Curtis,Painter,2009,IND,QB,24.0,-4.28,Curtis Painter
567,Chris,Simms,2009,DEN,QB,29.0,-3.48,Chris Simms
568,Caleb,Hanie,2009,CHI,QB,24.0,-1.56,Caleb Hanie
9,Michael,Vick,2010,PHI,QB,30.0,308.32,Michael Vick
16,Aaron,Rodgers,2010,GNB,QB,27.0,304.48,Aaron Rodgers
19,Tom,Brady,2010,NWE,QB,33.0,299.0,Tom Brady
24,Philip,Rivers,2010,SDG,QB,29.0,279.6,Philip Rivers
25,Peyton,Manning,2010,IND,QB,34.0,285.8,Peyton Manning
34,Drew,Brees,2010,NOR,QB,31.0,270.2,Drew Brees
42,Josh,Freeman,2010,TAM,QB,22.0,256.44,Josh Freeman
45,Matt,Ryan,2010,ATL,QB,25.0,246.4,Matt Ryan
51,Matt,Schaub,2010,HOU,QB,29.0,243.6,Matt Schaub
57,Eli,Manning,2010,NYG,QB,29.0,229.08000000000004,Eli Manning
62,Joe,Flacco,2010,BAL,QB,25.0,231.28,Joe Flacco
78,Matt,Cassel,2010,KAN,QB,28.0,229.14,Matt Cassel
79,Carson,Palmer,2010,CIN,QB,31.0,221.8,Carson Palmer
80,David,Garrard,2010,JAX,QB,32.0,221.26,David Garrard
81,Jay,Cutler,2010,CHI,QB,27.0,208.16,Jay Cutler
82,Kyle,Orton,2010,DEN,QB,28.0,207.92,Kyle Orton
83,Ben,Roethlisberger,2010,PIT,QB,28.0,209.6,Ben Roethlisberger
84,Ryan,Fitzpatrick,2010,BUF,QB,28.0,198.9,Ryan Fitzpatrick
85,Mark,Sanchez,2010,NYJ,QB,24.0,200.14,Mark Sanchez
86,Sam,Bradford,2010,STL,QB,23.0,190.78,Sam Bradford
87,Donovan,McNabb,2010,WAS,QB,34.0,174.18,Donovan McNabb
88,Shaun,Hill,2010,DET,QB,30.0,157.74,Shaun Hill
89,Jason,Campbell,2010,OAK,QB,29.0,157.68,Jason Campbell
90,Chad,Henne,2010,MIA,QB,25.0,155.23999999999995,Chad Henne
91,Jon,Kitna,2010,DAL,QB,38.0,153.29999999999995,Jon Kitna
92,Matt,Hasselbeck,2010,SEA,QB,35.0,148.04000000000005,Matt Hasselbeck
93,Alex,Smith,2010,SFO,QB,26.0,132.8,Alex Smith
104,Kerry,Collins,2010,TEN,QB,38.0,107.02,Kerry Collins
112,Brett,Favre,2010,MIN,QB,41.0,97.16,Brett Favre
121,Tony,Romo,2010,DAL,QB,30.0,99.1,Tony Romo
122,Tim,Tebow,2010,DEN,QB,23.0,98.86,Tim Tebow
127,Vince,Young,2010,TEN,QB,27.0,88.7,Vince Young
130,Derek,Anderson,2010,ARI,QB,27.0,89.1,Derek Anderson
141,Colt,McCoy,2010,CLE,QB,24.0,90.93999999999998,Colt McCoy
164,Troy,Smith,2010,SFO,QB,26.0,77.13999999999999,Troy Smith
179,Kevin,Kolb,2010,PHI,QB,26.0,62.38,Kevin Kolb
192,Jimmy,Clausen,2010,CAR,QB,23.0,58.02,Jimmy Clausen
194,Rex,Grossman,2010,WAS,QB,30.0,47.96,Rex Grossman
198,Drew,Stanton,2010,DET,QB,26.0,56.5,Drew Stanton
214,Matthew,Stafford,2010,DET,QB,22.0,48.5,Matthew Stafford
215,Bruce,Gradkowski,2010,OAK,QB,27.0,50.46,Bruce Gradkowski
238,Seneca,Wallace,2010,CLE,QB,30.0,42.56,Seneca Wallace
250,Matt,Moore,2010,CAR,QB,26.0,32.78,Matt Moore
253,Joe,Webb,2010,MIN,QB,24.0,37.08,Joe Webb
254,Charlie,Whitehurst,2010,SEA,QB,28.0,32.58,Charlie Whitehurst
260,John,Skelton,2010,ARI,QB,22.0,33.38,John Skelton
274,Jake,Delhomme,2010,CLE,QB,35.0,26.680000000000003,Jake Delhomme
276,Tyler,Thigpen,2010,MIA,QB,26.0,28.7,Tyler Thigpen
277,Matt,Flynn,2010,GNB,QB,25.0,25.92,Matt Flynn
287,Tarvaris,Jackson,2010,MIN,QB,27.0,23.94,Tarvaris Jackson
291,Trent,Edwards,2010,2TM,QB,27.0,24.64,Trent Edwards
293,Stephen,McGee,2010,DAL,QB,25.0,24.92,Stephen McGee
301,Charlie,Batch,2010,PIT,QB,36.0,23.08,Charlie Batch
339,Todd,Bouman,2010,JAX,QB,38.0,13.680000000000003,Todd Bouman
363,Mark,Brunell,2010,NYJ,QB,40.0,10.68,Mark Brunell
366,Dennis,Dixon,2010,PIT,QB,25.0,9.36,Dennis Dixon
393,Josh,Johnson,2010,TAM,QB,24.0,8.34,Josh Johnson
398,Kellen,Clemens,2010,NYJ,QB,27.0,7.1400000000000015,Kellen Clemens
405,Brian,St.,2010,CAR,QB,31.0,6.92,Brian St. Pierre
414,Max,Hall,2010,ARI,QB,25.0,2.3000000000000007,Max Hall
416,Brian,Hoyer,2010,NWE,QB,25.0,6.079999999999999,Brian Hoyer
425,Luke,McCown,2010,JAX,QB,29.0,5.2,Luke McCown
427,Richard,Bartel,2010,ARI,QB,27.0,4.0,Richard Bartel
465,Chase,Daniel,2010,NOR,QB,24.0,2.24,Chase Daniel
466,Caleb,Hanie,2010,CHI,QB,25.0,2.1,Caleb Hanie
468,Byron,Leftwich,2010,PIT,QB,30.0,1.68,Byron Leftwich
474,Tyler,Palko,2010,KAN,QB,27.0,1.9,Tyler Palko
475,Tony,Pike,2010,CAR,QB,24.0,1.88,Tony Pike
480,Kyle,Boller,2010,OAK,QB,29.0,0.8,Kyle Boller
482,David,Carr,2010,SFO,QB,31.0,0.6800000000000002,David Carr
497,Jordan,Palmer,2010,CIN,QB,26.0,0.72,Jordan Palmer
499,Chad,Pennington,2010,MIA,QB,34.0,0.76,Chad Pennington
502,Chris,Redman,2010,ATL,QB,33.0,0.7000000000000001,Chris Redman
520,Brodie,Croyle,2010,KAN,QB,27.0,-0.48,Brodie Croyle
554,Sage,Rosenfels,2010,NYG,QB,32.0,-0.3,Sage Rosenfels
562,Rusty,Smith,2010,TEN,QB,23.0,0.0,Rusty Smith
567,Billy,Volek,2010,SDG,QB,34.0,-0.18,Billy Volek
575,Levi,Brown,2010,BUF,QB,23.0,-1.04,Levi Brown
576,Brian,Brohm,2010,BUF,QB,25.0,-3.76,Brian Brohm
577,Todd,Collins,2010,CHI,QB,39.0,-7.2799999999999985,Todd Collins
0,Aaron,Rodgers,2011,GNB,QB,28.0,397.42,Aaron Rodgers
1,Drew,Brees,2011,NOR,QB,32.0,387.64,Drew Brees
4,Cam,Newton,2011,CAR,QB,22.0,366.34,Cam Newton
6,Tom,Brady,2011,NWE,QB,34.0,366.3,Tom Brady
8,Matthew,Stafford,2011,DET,QB,23.0,339.32,Matthew Stafford
21,Eli,Manning,2011,NYG,QB,30.0,280.82,Eli Manning
24,Tony,Romo,2011,DAL,QB,31.0,275.96000000000004,Tony Romo
25,Matt,Ryan,2011,ATL,QB,26.0,273.48,Matt Ryan
35,Philip,Rivers,2011,SDG,QB,30.0,252.5600000000001,Philip Rivers
48,Mark,Sanchez,2011,NYJ,QB,25.0,237.26,Mark Sanchez
63,Michael,Vick,2011,PHI,QB,31.0,233.02,Michael Vick
77,Ryan,Fitzpatrick,2011,BUF,QB,29.0,220.78,Ryan Fitzpatrick
78,Ben,Roethlisberger,2011,PIT,QB,29.0,216.08,Ben Roethlisberger
79,Josh,Freeman,2011,TAM,QB,23.0,201.08,Josh Freeman
80,Alex,Smith,2011,SFO,QB,27.0,209.66,Alex Smith
81,Joe,Flacco,2011,BAL,QB,26.0,203.4,Joe Flacco
82,Andy,Dalton,2011,CIN,QB,24.0,207.12,Andy Dalton
83,Tim,Tebow,2011,DEN,QB,24.0,195.16,Tim Tebow
84,Matt,Hasselbeck,2011,TEN,QB,36.0,190.04,Matt Hasselbeck
85,Tarvaris,Jackson,2011,SEA,QB,28.0,162.44,Tarvaris Jackson
86,Colt,McCoy,2011,CLE,QB,25.0,161.01999999999995,Colt McCoy
87,Matt,Moore,2011,MIA,QB,27.0,162.38,Matt Moore
88,Matt,Schaub,2011,HOU,QB,30.0,158.06,Matt Schaub
89,Rex,Grossman,2011,WAS,QB,31.0,149.14,Rex Grossman
92,Jay,Cutler,2011,CHI,QB,28.0,136.26,Jay Cutler
94,Carson,Palmer,2011,OAK,QB,32.0,136.12,Carson Palmer
97,Blaine,Gabbert,2011,JAX,QB,22.0,116.36,Blaine Gabbert
99,Christian,Ponder,2011,MIN,QB,23.0,118.02,Christian Ponder
111,Kevin,Kolb,2011,ARI,QB,27.0,98.7,Kevin Kolb
113,John,Skelton,2011,ARI,QB,23.0,103.32,John Skelton
119,Sam,Bradford,2011,STL,QB,24.0,89.16,Sam Bradford
123,Matt,Cassel,2011,KAN,QB,29.0,97.02,Matt Cassel
140,Kyle,Orton,2011,2TM,QB,29.0,85.61999999999998,Kyle Orton
146,Jason,Campbell,2011,OAK,QB,30.0,78.8,Jason Campbell
156,Curtis,Painter,2011,IND,QB,26.0,72.34,Curtis Painter
180,Donovan,McNabb,2011,MIN,QB,35.0,64.94,Donovan McNabb
181,Dan,Orlovsky,2011,IND,QB,28.0,58.53999999999999,Dan Orlovsky
191,Chad,Henne,2011,MIA,QB,26.0,59.92,Chad Henne
207,John,Beck,2011,WAS,QB,30.0,48.62,John Beck
221,Joe,Webb,2011,MIN,QB,25.0,50.34,Joe Webb
226,T.J.,Yates,2011,HOU,QB,24.0,43.66,T.J. Yates
227,Jake,Locker,2011,TEN,QB,23.0,49.28,Jake Locker
232,Matt,Flynn,2011,GNB,QB,26.0,44.12,Matt Flynn
250,Vince,Young,2011,PHI,QB,28.0,40.54,Vince Young
256,Kellen,Clemens,2011,STL,QB,28.0,37.54,Kellen Clemens
265,Seneca,Wallace,2011,CLE,QB,31.0,34.78,Seneca Wallace
288,Caleb,Hanie,2011,CHI,QB,26.0,28.32,Caleb Hanie
294,Tyler,Palko,2011,KAN,QB,28.0,25.340000000000003,Tyler Palko
298,Kerry,Collins,2011,IND,QB,39.0,19.14,Kerry Collins
301,Josh,McCown,2011,CHI,QB,32.0,23.36,Josh McCown
310,A.J.,Feeley,2011,STL,QB,34.0,20.32,A.J. Feeley
322,Josh,Johnson,2011,TAM,QB,25.0,14.54,Josh Johnson
342,Charlie,Whitehurst,2011,SEA,QB,29.0,13.22,Charlie Whitehurst
346,Jake,Delhomme,2011,HOU,QB,36.0,10.44,Jake Delhomme
349,Stephen,McGee,2011,DAL,QB,26.0,14.080000000000002,Stephen McGee
403,Richard,Bartel,2011,ARI,QB,28.0,6.34,Richard Bartel
404,Charlie,Batch,2011,PIT,QB,37.0,6.12,Charlie Batch
407,Bruce,Gradkowski,2011,CIN,QB,28.0,6.459999999999999,Bruce Gradkowski
408,Matt,Leinart,2011,HOU,QB,28.0,6.18,Matt Leinart
409,Luke,McCown,2011,JAX,QB,30.0,4.14,Luke McCown
423,Chris,Redman,2011,ATL,QB,34.0,4.92,Chris Redman
427,Kyle,Boller,2011,OAK,QB,30.0,4.24,Kyle Boller
455,Jon,Kitna,2011,DAL,QB,39.0,3.28,Jon Kitna
456,J.P.,Losman,2011,MIA,QB,30.0,2.5,J.P. Losman
490,Mark,Brunell,2011,NYJ,QB,41.0,1.08,Mark Brunell
493,Chase,Daniel,2011,NOR,QB,25.0,0.8599999999999999,Chase Daniel
497,Shaun,Hill,2011,DET,QB,31.0,1.22,Shaun Hill
499,Brian,Hoyer,2011,NWE,QB,26.0,0.5800000000000001,Brian Hoyer
500,Colin,Kaepernick,2011,SFO,QB,24.0,1.2,Colin Kaepernick
512,Tyrod,Taylor,2011,BAL,QB,22.0,0.92,Tyrod Taylor
520,Derek,Anderson,2011,CAR,QB,28.0,-0.2,Derek Anderson
522,Tom,Brandstater,2011,STL,QB,27.0,0.0,Tom Brandstater
547,Mike,Kafka,2011,PHI,QB,24.0,0.2800000000000002,Mike Kafka
577,Tyler,Thigpen,2011,BUF,QB,27.0,-0.2,Tyler Thigpen
584,Billy,Volek,2011,SDG,QB,35.0,-0.5,Billy Volek
7,Drew,Brees,2012,NOR,QB,33.0,345.5800000000001,Drew Brees
8,Aaron,Rodgers,2012,GNB,QB,29.0,342.6,Aaron Rodgers
10,Tom,Brady,2012,NWE,QB,35.0,340.2800000000001,Tom Brady
17,Cam,Newton,2012,CAR,QB,23.0,323.46,Cam Newton
21,Robert,Griffin,2012,WAS,QB,22.0,317.5,Robert Griffin
25,Peyton,Manning,2012,DEN,QB,36.0,308.9600000000001,Peyton Manning
28,Matt,Ryan,2012,ATL,QB,27.0,304.86,Matt Ryan
44,Tony,Romo,2012,DAL,QB,32.0,275.92,Tony Romo
45,Russell,Wilson,2012,SEA,QB,24.0,275.62,Russell Wilson
48,Andrew,Luck,2012,IND,QB,23.0,276.46000000000004,Andrew Luck
50,Matthew,Stafford,2012,DET,QB,24.0,274.58000000000004,Matthew Stafford
73,Andy,Dalton,2012,CIN,QB,25.0,250.76,Andy Dalton
78,Josh,Freeman,2012,TAM,QB,24.0,246.50000000000003,Josh Freeman
79,Joe,Flacco,2012,BAL,QB,27.0,232.88,Joe Flacco
80,Eli,Manning,2012,NYG,QB,31.0,232.92,Eli Manning
81,Sam,Bradford,2012,STL,QB,25.0,222.48,Sam Bradford
82,Matt,Schaub,2012,HOU,QB,31.0,223.82,Matt Schaub
83,Carson,Palmer,2012,OAK,QB,33.0,220.32,Carson Palmer
84,Ben,Roethlisberger,2012,PIT,QB,30.0,221.8,Ben Roethlisberger
85,Ryan,Fitzpatrick,2012,BUF,QB,30.0,213.7,Ryan Fitzpatrick
86,Philip,Rivers,2012,SDG,QB,31.0,208.24,Philip Rivers
87,Christian,Ponder,2012,MIN,QB,24.0,192.2,Christian Ponder
88,Jay,Cutler,2012,CHI,QB,29.0,184.62,Jay Cutler
89,Ryan,Tannehill,2012,MIA,QB,24.0,178.86,Ryan Tannehill
90,Colin,Kaepernick,2012,SFO,QB,25.0,174.06,Colin Kaepernick
91,Brandon,Weeden,2012,CLE,QB,29.0,165.6,Brandon Weeden
92,Michael,Vick,2012,PHI,QB,32.0,151.68,Michael Vick
93,Jake,Locker,2012,TEN,QB,24.0,132.14,Jake Locker
94,Alex,Smith,2012,SFO,QB,28.0,122.68,Alex Smith
97,Mark,Sanchez,2012,NYJ,QB,26.0,118.12,Mark Sanchez
103,Chad,Henne,2012,JAX,QB,27.0,114.16,Chad Henne
125,Blaine,Gabbert,2012,JAX,QB,23.0,90.08,Blaine Gabbert
139,Nick,Foles,2012,PHI,QB,23.0,86.16,Nick Foles
141,Kevin,Kolb,2012,ARI,QB,28.0,84.75999999999998,Kevin Kolb
155,Matt,Cassel,2012,KAN,QB,30.0,78.34,Matt Cassel
160,Matt,Hasselbeck,2012,TEN,QB,37.0,74.48,Matt Hasselbeck
227,Brady,Quinn,2012,KAN,QB,28.0,44.24,Brady Quinn
259,Kirk,Cousins,2012,WAS,QB,24.0,30.84,Kirk Cousins
270,John,Skelton,2012,ARI,QB,24.0,31.78,John Skelton
293,Terrelle,Pryor,2012,OAK,QB,23.0,26.5,Terrelle Pryor
329,Byron,Leftwich,2012,PIT,QB,32.0,17.98,Byron Leftwich
331,Tyrod,Taylor,2012,BAL,QB,23.0,18.46,Tyrod Taylor
332,Jason,Campbell,2012,CHI,QB,31.0,17.400000000000002,Jason Campbell
337,Charlie,Batch,2012,PIT,QB,38.0,15.0,Charlie Batch
339,Shaun,Hill,2012,DET,QB,32.0,14.78,Shaun Hill
347,Brian,Hoyer,2012,ARI,QB,27.0,13.8,Brian Hoyer
358,Ryan,Lindley,2012,ARI,QB,23.0,12.779999999999998,Ryan Lindley
363,Greg,McElroy,2012,NYJ,QB,24.0,11.56,Greg McElroy
378,Thaddeus,Lewis,2012,CLE,QB,27.0,10.46,Thaddeus Lewis
380,Kyle,Orton,2012,DAL,QB,30.0,7.56,Kyle Orton
389,Colt,McCoy,2012,CLE,QB,26.0,8.66,Colt McCoy
390,Matt,Moore,2012,MIA,QB,28.0,8.94,Matt Moore
455,Matt,Leinart,2012,OAK,QB,29.0,2.6,Matt Leinart
462,T.J.,Yates,2012,HOU,QB,25.0,3.42,T.J. Yates
463,Derek,Anderson,2012,CAR,QB,29.0,2.32,Derek Anderson
465,Chase,Daniel,2012,NOR,QB,26.0,2.1,Chase Daniel
467,Matt,Flynn,2012,SEA,QB,27.0,2.22,Matt Flynn
469,Bruce,Gradkowski,2012,CIN,QB,29.0,2.4,Bruce Gradkowski
474,Dan,Orlovsky,2012,TAM,QB,29.0,2.04,Dan Orlovsky
487,Trent,Edwards,2012,PHI,QB,29.0,0.56,Trent Edwards
508,Rusty,Smith,2012,TEN,QB,25.0,1.36,Rusty Smith
513,Tyler,Thigpen,2012,BUF,QB,28.0,1.1,Tyler Thigpen
543,David,Carr,2012,NYG,QB,33.0,0.46,David Carr
547,Kellen,Clemens,2012,STL,QB,29.0,0.06,Kellen Clemens
609,Luke,McCown,2012,ATL,QB,31.0,-0.3,Luke McCown
672,Joe,Webb,2012,MIN,QB,26.0,-0.1,Joe Webb
683,Brock,Osweiler,2012,DEN,QB,22.0,-0.8200000000000001,Brock Osweiler
684,Graham,Harrell,2012,GNB,QB,27.0,-1.5,Graham Harrell
686,Ryan,Mallett,2012,NWE,QB,24.0,-2.22,Ryan Mallett
1,Peyton,Manning,2013,DEN,QB,37.0,409.98,Peyton Manning
9,Drew,Brees,2013,NOR,QB,34.0,357.68,Drew Brees
40,Cam,Newton,2013,CAR,QB,24.0,297.66,Cam Newton
41,Andrew,Luck,2013,IND,QB,24.0,284.58,Andrew Luck
45,Andy,Dalton,2013,CIN,QB,26.0,288.0200000000001,Andy Dalton
48,Philip,Rivers,2013,SDG,QB,32.0,287.42,Philip Rivers
50,Matthew,Stafford,2013,DET,QB,25.0,274.9,Matthew Stafford
62,Russell,Wilson,2013,SEA,QB,25.0,270.18,Russell Wilson
67,Nick,Foles,2013,PHI,QB,24.0,255.74,Nick Foles
69,Tony,Romo,2013,DAL,QB,33.0,258.92,Tony Romo
71,Colin,Kaepernick,2013,SFO,QB,26.0,264.28,Colin Kaepernick
78,Ben,Roethlisberger,2013,PIT,QB,31.0,258.84,Ben Roethlisberger
79,Alex,Smith,2013,KAN,QB,29.0,254.22000000000003,Alex Smith
80,Tom,Brady,2013,NWE,QB,36.0,247.52000000000004,Tom Brady
81,Matt,Ryan,2013,ATL,QB,28.0,248.1,Matt Ryan
82,Ryan,Tannehill,2013,MIA,QB,25.0,238.32,Ryan Tannehill
83,Carson,Palmer,2013,ARI,QB,34.0,217.26000000000005,Carson Palmer
84,Robert,Griffin,2013,WAS,QB,23.0,209.02,Robert Griffin
85,Joe,Flacco,2013,BAL,QB,28.0,203.58,Joe Flacco
86,Geno,Smith,2013,NYJ,QB,23.0,194.74,Geno Smith
87,Aaron,Rodgers,2013,GNB,QB,30.0,169.44,Aaron Rodgers
88,Eli,Manning,2013,NYG,QB,32.0,170.32,Eli Manning
89,Jay,Cutler,2013,CHI,QB,30.0,162.64,Jay Cutler
90,Ryan,Fitzpatrick,2013,TEN,QB,31.0,167.66,Ryan Fitzpatrick
91,Chad,Henne,2013,JAX,QB,28.0,161.33999999999995,Chad Henne
92,Mike,Glennon,2013,TAM,QB,24.0,158.01999999999995,Mike Glennon
93,Terrelle,Pryor,2013,OAK,QB,24.0,143.52,Terrelle Pryor
94,Josh,McCown,2013,CHI,QB,34.0,134.06,Josh McCown
95,EJ,Manuel,2013,BUF,QB,23.0,129.48,EJ Manuel
104,Sam,Bradford,2013,STL,QB,26.0,116.58,Sam Bradford
107,Jason,Campbell,2013,CLE,QB,32.0,115.3,Jason Campbell
114,Matt,Cassel,2013,MIN,QB,31.0,107.98,Matt Cassel
117,Christian,Ponder,2013,MIN,QB,25.0,107.02,Christian Ponder
120,Matt,Schaub,2013,HOU,QB,32.0,104.8,Matt Schaub
121,Case,Keenum,2013,HOU,QB,25.0,103.6,Case Keenum
126,Michael,Vick,2013,PHI,QB,33.0,101.0,Michael Vick
128,Jake,Locker,2013,TEN,QB,25.0,99.74,Jake Locker
143,Brandon,Weeden,2013,CLE,QB,30.0,87.64,Brandon Weeden
147,Kellen,Clemens,2013,STL,QB,30.0,83.32000000000002,Kellen Clemens
162,Matt,McGloin,2013,OAK,QB,24.0,78.58,Matt McGloin
164,Matt,Flynn,2013,3TM,QB,28.0,72.18,Matt Flynn
196,Thaddeus,Lewis,2013,BUF,QB,28.0,58.88,Thaddeus Lewis
252,Brian,Hoyer,2013,CLE,QB,28.0,40.2,Brian Hoyer
264,Kirk,Cousins,2013,WAS,QB,25.0,33.559999999999995,Kirk Cousins
278,Scott,Tolzien,2013,GNB,QB,26.0,34.18,Scott Tolzien
285,Josh,Freeman,2013,2TM,QB,25.0,30.44,Josh Freeman
309,Kyle,Orton,2013,DAL,QB,31.0,20.72,Kyle Orton
328,Chase,Daniel,2013,KAN,QB,27.0,17.12,Chase Daniel
331,Tarvaris,Jackson,2013,SEA,QB,30.0,16.14,Tarvaris Jackson
354,Blaine,Gabbert,2013,JAX,QB,24.0,12.439999999999998,Blaine Gabbert
361,Jeff,Tuel,2013,BUF,QB,22.0,12.06,Jeff Tuel
372,Matt,Simms,2013,NYJ,QB,25.0,9.94,Matt Simms
430,Tyrod,Taylor,2013,BAL,QB,24.0,6.08,Tyrod Taylor
441,Brock,Osweiler,2013,DEN,QB,23.0,4.0,Brock Osweiler
445,Seneca,Wallace,2013,GNB,QB,33.0,3.56,Seneca Wallace
456,Matt,Hasselbeck,2013,IND,QB,38.0,3.0,Matt Hasselbeck
470,Matt,Barkley,2013,PHI,QB,23.0,1.7999999999999998,Matt Barkley
478,Josh,Johnson,2013,CIN,QB,27.0,2.0,Josh Johnson
507,T.J.,Yates,2013,HOU,QB,26.0,0.5199999999999996,T.J. Yates
508,Derek,Anderson,2013,CAR,QB,30.0,0.0,Derek Anderson
528,Shaun,Hill,2013,DET,QB,33.0,-0.2,Shaun Hill
536,Colt,McCoy,2013,SFO,QB,27.0,-0.0799999999999999,Colt McCoy
537,Luke,McCown,2013,NOR,QB,32.0,-0.4,Luke McCown
576,Charlie,Whitehurst,2013,SDG,QB,31.0,-0.5,Charlie Whitehurst
579,Matt,Moore,2013,MIA,QB,29.0,-1.88,Matt Moore
580,Curtis,Painter,2013,NYG,QB,28.0,-1.92,Curtis Painter
11,Aaron,Rodgers,2014,GNB,QB,31.0,352.14,Aaron Rodgers
13,Andrew,Luck,2014,IND,QB,25.0,351.74,Andrew Luck
21,Russell,Wilson,2014,SEA,QB,26.0,328.6,Russell Wilson
31,Peyton,Manning,2014,DEN,QB,38.0,308.68000000000006,Peyton Manning
34,Ben,Roethlisberger,2014,PIT,QB,32.0,300.18,Ben Roethlisberger
37,Drew,Brees,2014,NOR,QB,35.0,303.98000000000013,Drew Brees
52,Matt,Ryan,2014,ATL,QB,29.0,282.26,Matt Ryan
55,Tom,Brady,2014,NWE,QB,37.0,278.06,Tom Brady
59,Ryan,Tannehill,2014,MIA,QB,26.0,279.5,Ryan Tannehill
66,Eli,Manning,2014,NYG,QB,33.0,269.5,Eli Manning
73,Tony,Romo,2014,DAL,QB,34.0,266.3,Tony Romo
75,Philip,Rivers,2014,SDG,QB,33.0,265.64,Philip Rivers
78,Joe,Flacco,2014,BAL,QB,29.0,262.44,Joe Flacco
79,Jay,Cutler,2014,CHI,QB,31.0,247.58000000000004,Jay Cutler
80,Matthew,Stafford,2014,DET,QB,26.0,249.58,Matthew Stafford
81,Colin,Kaepernick,2014,SFO,QB,27.0,250.66,Colin Kaepernick
82,Cam,Newton,2014,CAR,QB,25.0,246.98,Cam Newton
83,Andy,Dalton,2014,CIN,QB,27.0,223.62,Andy Dalton
84,Alex,Smith,2014,KAN,QB,30.0,220.0,Alex Smith
85,Derek,Carr,2014,OAK,QB,23.0,192.0,Derek Carr
86,Teddy,Bridgewater,2014,MIN,QB,22.0,175.66,Teddy Bridgewater
87,Ryan,Fitzpatrick,2014,HOU,QB,32.0,179.72,Ryan Fitzpatrick
88,Kyle,Orton,2014,BUF,QB,32.0,174.12,Kyle Orton
89,Blake,Bortles,2014,JAX,QB,22.0,166.22,Blake Bortles
90,Brian,Hoyer,2014,CLE,QB,29.0,156.94,Brian Hoyer
91,Geno,Smith,2014,NYJ,QB,24.0,150.8,Geno Smith
92,Mark,Sanchez,2014,PHI,QB,28.0,139.42,Mark Sanchez
93,Josh,McCown,2014,TAM,QB,35.0,126.94,Josh McCown
95,Nick,Foles,2014,PHI,QB,25.0,119.31999999999998,Nick Foles
112,Austin,Davis,2014,STL,QB,25.0,107.64,Austin Davis
114,Carson,Palmer,2014,ARI,QB,35.0,103.54,Carson Palmer
127,Drew,Stanton,2014,ARI,QB,30.0,92.74,Drew Stanton
137,Mike,Glennon,2014,TAM,QB,25.0,89.58000000000001,Mike Glennon
139,Robert,Griffin,2014,WAS,QB,24.0,87.36000000000001,Robert Griffin
140,Shaun,Hill,2014,STL,QB,34.0,90.28,Shaun Hill
143,Kirk,Cousins,2014,WAS,QB,26.0,88.4,Kirk Cousins
144,Charlie,Whitehurst,2014,TEN,QB,32.0,87.03999999999998,Charlie Whitehurst
167,Zach,Mettenberger,2014,TEN,QB,23.0,70.88,Zach Mettenberger
186,Jake,Locker,2014,TEN,QB,26.0,63.92,Jake Locker
190,Colt,McCoy,2014,WAS,QB,28.0,62.88,Colt McCoy
204,EJ,Manuel,2014,BUF,QB,24.0,58.72000000000001,EJ Manuel
220,Derek,Anderson,2014,CAR,QB,31.0,50.44,Derek Anderson
240,Michael,Vick,2014,NYJ,QB,34.0,43.46,Michael Vick
284,Chad,Henne,2014,JAX,QB,29.0,30.18,Chad Henne
307,Matt,Cassel,2014,MIN,QB,32.0,22.8,Matt Cassel
309,Case,Keenum,2014,2TM,QB,26.0,22.9,Case Keenum
312,Ryan,Lindley,2014,2TM,QB,25.0,22.48,Ryan Lindley
322,Ryan,Mallett,2014,HOU,QB,26.0,19.8,Ryan Mallett
324,Brandon,Weeden,2014,DAL,QB,31.0,20.02,Brandon Weeden
336,Matt,Hasselbeck,2014,IND,QB,39.0,16.939999999999998,Matt Hasselbeck
343,Jimmy,Clausen,2014,CHI,QB,27.0,15.820000000000002,Jimmy Clausen
372,Jimmy,Garoppolo,2014,NWE,QB,23.0,12.18,Jimmy Garoppolo
374,Johnny,Manziel,2014,CLE,QB,22.0,11.9,Johnny Manziel
377,Christian,Ponder,2014,MIN,QB,26.0,12.48,Christian Ponder
407,Chase,Daniel,2014,KAN,QB,28.0,7.78,Chase Daniel
424,Logan,Thomas,2014,ARI,QB,23.0,7.24,Logan Thomas
429,Blaine,Gabbert,2014,SFO,QB,25.0,6.02,Blaine Gabbert
431,Brock,Osweiler,2014,DEN,QB,24.0,6.08,Brock Osweiler
447,Matt,McGloin,2014,OAK,QB,25.0,5.46,Matt McGloin
459,Connor,Shaw,2014,CLE,QB,23.0,3.98,Connor Shaw
482,Ryan,Nassib,2014,NYG,QB,24.0,2.1,Ryan Nassib
485,Matt,Simms,2014,NYJ,QB,26.0,1.76,Matt Simms
490,Joe,Webb,2014,CAR,QB,28.0,2.6,Joe Webb
494,Jason,Campbell,2014,CIN,QB,33.0,1.06,Jason Campbell
502,Matt,Moore,2014,MIA,QB,30.0,0.6399999999999999,Matt Moore
509,T.J.,Yates,2014,ATL,QB,27.0,0.56,T.J. Yates
517,Matt,Barkley,2014,PHI,QB,24.0,0.0,Matt Barkley
541,Kellen,Clemens,2014,SDG,QB,31.0,0.4,Kellen Clemens
577,Bruce,Gradkowski,2014,PIT,QB,31.0,-0.2,Bruce Gradkowski
594,Tarvaris,Jackson,2014,SEA,QB,31.0,0.0,Tarvaris Jackson
647,Jordan,Palmer,2014,TEN,QB,30.0,0.18,Jordan Palmer
669,Tom,Savage,2014,HOU,QB,24.0,0.48,Tom Savage
692,Tyrod,Taylor,2014,BAL,QB,25.0,-0.3,Tyrod Taylor
721,Matt,Flynn,2014,GNB,QB,29.0,-2.36,Matt Flynn
724,Matt,Schaub,2014,OAK,QB,33.0,-3.72,Matt Schaub
4,Cam,Newton,2015,CAR,QB,26.0,389.08,Cam Newton
20,Tom,Brady,2015,NWE,QB,38.0,344.70000000000016,Tom Brady
21,Russell,Wilson,2015,SEA,QB,27.0,336.2600000000001,Russell Wilson
33,Blake,Bortles,2015,JAX,QB,23.0,314.12,Blake Bortles
44,Carson,Palmer,2015,ARI,QB,36.0,309.24,Carson Palmer
50,Drew,Brees,2015,NOR,QB,36.0,304.2,Drew Brees
51,Aaron,Rodgers,2015,GNB,QB,32.0,293.24,Aaron Rodgers
63,Kirk,Cousins,2015,WAS,QB,27.0,289.44,Kirk Cousins
66,Matthew,Stafford,2015,DET,QB,27.0,290.78,Matthew Stafford
72,Eli,Manning,2015,NYG,QB,34.0,287.38,Eli Manning
73,Philip,Rivers,2015,SDG,QB,34.0,280.48,Philip Rivers
74,Ryan,Fitzpatrick,2015,NYJ,QB,33.0,285.2,Ryan Fitzpatrick
78,Jameis,Winston,2015,TAM,QB,21.0,272.98,Jameis Winston
79,Tyrod,Taylor,2015,BUF,QB,26.0,269.6,Tyrod Taylor
80,Derek,Carr,2015,OAK,QB,24.0,269.28000000000003,Derek Carr
81,Alex,Smith,2015,KAN,QB,31.0,267.24,Alex Smith
82,Ryan,Tannehill,2015,MIA,QB,27.0,256.32,Ryan Tannehill
83,Andy,Dalton,2015,CIN,QB,28.0,244.2,Andy Dalton
84,Matt,Ryan,2015,ATL,QB,30.0,231.94,Matt Ryan
85,Ben,Roethlisberger,2015,PIT,QB,33.0,212.12,Ben Roethlisberger
86,Jay,Cutler,2015,CHI,QB,32.0,224.46,Jay Cutler
87,Marcus,Mariota,2015,TEN,QB,22.0,205.02,Marcus Mariota
88,Teddy,Bridgewater,2015,MIN,QB,23.0,198.44,Teddy Bridgewater
89,Sam,Bradford,2015,PHI,QB,28.0,194.9,Sam Bradford
90,Brian,Hoyer,2015,HOU,QB,30.0,166.64,Brian Hoyer
91,Joe,Flacco,2015,BAL,QB,30.0,159.94,Joe Flacco
92,Josh,McCown,2015,CLE,QB,36.0,128.16000000000005,Josh McCown
93,Andrew,Luck,2015,IND,QB,26.0,128.84,Andrew Luck
94,Blaine,Gabbert,2015,SFO,QB,26.0,129.74,Blaine Gabbert
103,Brock,Osweiler,2015,DEN,QB,25.0,116.78,Brock Osweiler
111,Colin,Kaepernick,2015,SFO,QB,28.0,108.2,Colin Kaepernick
129,Nick,Foles,2015,STL,QB,26.0,94.08,Nick Foles
131,Peyton,Manning,2015,DEN,QB,39.0,91.36,Peyton Manning
132,Johnny,Manziel,2015,CLE,QB,23.0,95.0,Johnny Manziel
138,Matt,Hasselbeck,2015,IND,QB,40.0,91.1,Matt Hasselbeck
174,Ryan,Mallett,2015,2TM,QB,27.0,68.94,Ryan Mallett
185,Matt,Cassel,2015,2TM,QB,33.0,64.83999999999999,Matt Cassel
187,Brandon,Weeden,2015,2TM,QB,32.0,66.42,Brandon Weeden
217,A.J.,McCarron,2015,CIN,QB,25.0,55.26,A.J. McCarron
242,Case,Keenum,2015,STL,QB,27.0,43.62,Case Keenum
243,Zach,Mettenberger,2015,TEN,QB,24.0,42.2,Zach Mettenberger
250,Tony,Romo,2015,DAL,QB,35.0,40.66,Tony Romo
254,EJ,Manuel,2015,BUF,QB,25.0,38.84,EJ Manuel
272,Jimmy,Clausen,2015,2TM,QB,28.0,33.160000000000004,Jimmy Clausen
273,Kellen,Moore,2015,DAL,QB,26.0,33.059999999999995,Kellen Moore
274,Mark,Sanchez,2015,PHI,QB,29.0,32.84,Mark Sanchez
279,Michael,Vick,2015,PIT,QB,35.0,30.74,Michael Vick
285,Matt,Schaub,2015,BAL,QB,34.0,26.6,Matt Schaub
312,Landry,Jones,2015,PIT,QB,26.0,22.02,Landry Jones
325,T.J.,Yates,2015,HOU,QB,28.0,22.8,T.J. Yates
342,Geno,Smith,2015,NYJ,QB,25.0,20.0,Geno Smith
346,Austin,Davis,2015,CLE,QB,26.0,19.18,Austin Davis
389,Luke,McCown,2015,NOR,QB,34.0,11.4,Luke McCown
398,Matt,McGloin,2015,OAK,QB,26.0,9.68,Matt McGloin
413,Josh,Freeman,2015,IND,QB,27.0,10.36,Josh Freeman
417,Dan,Orlovsky,2015,DET,QB,32.0,10.04,Dan Orlovsky
423,Colt,McCoy,2015,WAS,QB,29.0,8.82,Colt McCoy
433,Alex,Tanney,2015,TEN,QB,28.0,7.96,Alex Tanney
438,Ryan,Nassib,2015,NYG,QB,25.0,6.7200000000000015,Ryan Nassib
442,Kellen,Clemens,2015,SDG,QB,32.0,6.42,Kellen Clemens
448,Ryan,Lindley,2015,IND,QB,26.0,6.32,Ryan Lindley
466,Charlie,Whitehurst,2015,2TM,QB,33.0,4.1,Charlie Whitehurst
468,B.J.,Daniels,2015,2TM,QB,27.0,4.68,B.J. Daniels
498,Derek,Anderson,2015,CAR,QB,32.0,1.24,Derek Anderson
504,Tarvaris,Jackson,2015,SEA,QB,32.0,0.6799999999999999,Tarvaris Jackson
512,Sean,Mannion,2015,STL,QB,23.0,1.24,Sean Mannion
536,Chase,Daniel,2015,KAN,QB,29.0,-0.04,Chase Daniel
538,Jimmy,Garoppolo,2015,NWE,QB,24.0,-0.26,Jimmy Garoppolo
547,Shaun,Hill,2015,MIN,QB,35.0,0.0999999999999999,Shaun Hill
557,Matt,Moore,2015,MIA,QB,31.0,0.36,Matt Moore
564,Sean,Renfree,2015,ATL,QB,25.0,-1.96,Sean Renfree
568,Trevor,Siemian,2015,DEN,QB,24.0,-0.1,Trevor Siemian
575,Scott,Tolzien,2015,GNB,QB,28.0,-0.14,Scott Tolzien
579,Joe,Webb,2015,CAR,QB,29.0,-0.1,Joe Webb
588,Drew,Stanton,2015,ARI,QB,31.0,-1.14,Drew Stanton
3,Aaron,Rodgers,2016,GNB,QB,33.0,376.02,Aaron Rodgers
8,Matt,Ryan,2016,ATL,QB,31.0,343.46,Matt Ryan
15,Drew,Brees,2016,NOR,QB,37.0,332.32,Drew Brees
26,Andrew,Luck,2016,IND,QB,27.0,303.7000000000001,Andrew Luck
28,Kirk,Cousins,2016,WAS,QB,28.0,300.2800000000001,Kirk Cousins
40,Dak,Prescott,2016,DAL,QB,23.0,286.88,Dak Prescott
50,Matthew,Stafford,2016,DET,QB,28.0,277.78000000000003,Matthew Stafford
67,Tyrod,Taylor,2016,BUF,QB,27.0,266.92,Tyrod Taylor
68,Derek,Carr,2016,OAK,QB,25.0,258.48,Derek Carr
69,Blake,Bortles,2016,JAX,QB,24.0,267.1,Blake Bortles
70,Russell,Wilson,2016,SEA,QB,28.0,268.06,Russell Wilson
77,Marcus,Mariota,2016,TEN,QB,23.0,259.94,Marcus Mariota
78,Ben,Roethlisberger,2016,PIT,QB,34.0,246.16,Ben Roethlisberger
79,Philip,Rivers,2016,SDG,QB,35.0,258.94,Philip Rivers
80,Jameis,Winston,2016,TAM,QB,22.0,250.1,Jameis Winston
81,Tom,Brady,2016,NWE,QB,39.0,256.56,Tom Brady
82,Andy,Dalton,2016,CIN,QB,29.0,260.64,Andy Dalton
83,Cam,Newton,2016,CAR,QB,27.0,250.26,Cam Newton
84,Carson,Palmer,2016,ARI,QB,37.0,241.12,Carson Palmer
85,Joe,Flacco,2016,BAL,QB,31.0,234.48,Joe Flacco
86,Eli,Manning,2016,NYG,QB,35.0,224.18000000000004,Eli Manning
87,Alex,Smith,2016,KAN,QB,32.0,220.78000000000003,Alex Smith
88,Sam,Bradford,2016,MIN,QB,29.0,221.88,Sam Bradford
89,Carson,Wentz,2016,PHI,QB,24.0,209.98,Carson Wentz
90,Colin,Kaepernick,2016,SFO,QB,29.0,198.44,Colin Kaepernick
91,Trevor,Siemian,2016,DEN,QB,25.0,189.74,Trevor Siemian
92,Ryan,Tannehill,2016,MIA,QB,28.0,188.2,Ryan Tannehill
93,Brock,Osweiler,2016,HOU,QB,26.0,168.98,Brock Osweiler
94,Ryan,Fitzpatrick,2016,NYJ,QB,34.0,133.4,Ryan Fitzpatrick
109,Case,Keenum,2016,LAR,QB,28.0,111.14,Case Keenum
156,Brian,Hoyer,2016,CHI,QB,31.0,79.6,Brian Hoyer
159,Cody,Kessler,2016,CLE,QB,23.0,75.0,Cody Kessler
170,Blaine,Gabbert,2016,SFO,QB,27.0,73.7,Blaine Gabbert
176,Matt,Barkley,2016,CHI,QB,26.0,71.84,Matt Barkley
187,Robert,Griffin,2016,CLE,QB,26.0,66.44,Robert Griffin
206,Matt,Moore,2016,MIA,QB,32.0,54.74,Matt Moore
214,Jared,Goff,2016,LAR,QB,22.0,53.16,Jared Goff
216,Josh,McCown,2016,CLE,QB,37.0,50.1,Josh McCown
227,Jay,Cutler,2016,CHI,QB,33.0,46.76,Jay Cutler
262,Jimmy,Garoppolo,2016,NWE,QB,25.0,35.98,Jimmy Garoppolo
267,Landry,Jones,2016,PIT,QB,27.0,33.92,Landry Jones
272,Bryce,Petty,2016,NYJ,QB,25.0,30.26,Bryce Petty
282,Jacoby,Brissett,2016,NWE,QB,24.0,28.3,Jacoby Brissett
283,Nick,Foles,2016,KAN,QB,27.0,28.0,Nick Foles
284,Paxton,Lynch,2016,DEN,QB,22.0,28.38,Paxton Lynch
338,Tom,Savage,2016,HOU,QB,26.0,17.64,Tom Savage
339,Derek,Anderson,2016,CAR,QB,33.0,14.52,Derek Anderson
342,Kevin,Hogan,2016,CLE,QB,24.0,16.66,Kevin Hogan
345,Matt,Cassel,2016,TEN,QB,34.0,15.66,Matt Cassel
382,Charlie,Whitehurst,2016,CLE,QB,34.0,9.38,Charlie Whitehurst
387,Shaun,Hill,2016,MIN,QB,36.0,10.18,Shaun Hill
399,Mike,Glennon,2016,TAM,QB,27.0,7.0,Mike Glennon
403,Drew,Stanton,2016,ARI,QB,32.0,9.38,Drew Stanton
405,Scott,Tolzien,2016,IND,QB,29.0,8.940000000000003,Scott Tolzien
411,Trevone,Boykin,2016,SEA,QB,23.0,7.9,Trevone Boykin
412,Connor,Cook,2016,OAK,QB,23.0,6.0,Connor Cook
418,Geno,Smith,2016,NYJ,QB,26.0,7.939999999999999,Geno Smith
427,EJ,Manuel,2016,BUF,QB,26.0,5.44,EJ Manuel
449,Tony,Romo,2016,DAL,QB,36.0,5.16,Tony Romo
480,Cardale,Jones,2016,BUF,QB,24.0,1.7399999999999998,Cardale Jones
483,Matt,McGloin,2016,OAK,QB,27.0,1.7,Matt McGloin
502,Chase,Daniel,2016,PHI,QB,30.0,0.64,Chase Daniel
504,David,Fales,2016,CHI,QB,26.0,0.88,David Fales
533,Kellen,Clemens,2016,SDG,QB,33.0,-0.1,Kellen Clemens
545,Chad,Henne,2016,JAX,QB,31.0,-0.2,Chad Henne
564,Mark,Sanchez,2016,DAL,QB,30.0,-0.4799999999999998,Mark Sanchez
565,Matt,Schaub,2016,ATL,QB,35.0,0.44,Matt Schaub
571,Joe,Webb,2016,CAR,QB,30.0,1.3,Joe Webb
577,Sean,Mannion,2016,LAR,QB,24.0,-1.34,Sean Mannion
580,Brett,Hundley,2016,GNB,QB,23.0,-1.5199999999999998,Brett Hundley
581,Ryan,Mallett,2016,BAL,QB,28.0,-1.56,Ryan Mallett
8,Russell,Wilson,2017,SEA,QB,29.0,343.92,Russell Wilson
22,Cam,Newton,2017,CAR,QB,28.0,297.48,Cam Newton
27,Tom,Brady,2017,NWE,QB,40.0,291.88000000000005,Tom Brady
28,Alex,Smith,2017,KAN,QB,33.0,295.18,Alex Smith
39,Carson,Wentz,2017,PHI,QB,25.0,273.74,Carson Wentz
42,Kirk,Cousins,2017,WAS,QB,29.0,277.62,Kirk Cousins
51,Matthew,Stafford,2017,DET,QB,29.0,269.64000000000004,Matthew Stafford
55,Philip,Rivers,2017,LAC,QB,36.0,270.40000000000003,Philip Rivers
62,Drew,Brees,2017,NOR,QB,38.0,262.56,Drew Brees
66,Ben,Roethlisberger,2017,PIT,QB,35.0,256.73999999999995,Ben Roethlisberger
67,Dak,Prescott,2017,DAL,QB,24.0,260.66,Dak Prescott
75,Jared,Goff,2017,LAR,QB,23.0,255.26,Jared Goff
78,Blake,Bortles,2017,JAX,QB,25.0,243.68,Blake Bortles
79,Case,Keenum,2017,MIN,QB,29.0,235.88,Case Keenum
80,Matt,Ryan,2017,ATL,QB,32.0,228.1,Matt Ryan
81,Tyrod,Taylor,2017,BUF,QB,28.0,222.66,Tyrod Taylor
82,Andy,Dalton,2017,CIN,QB,30.0,210.7,Andy Dalton
83,Marcus,Mariota,2017,TEN,QB,24.0,210.48,Marcus Mariota
84,Jacoby,Brissett,2017,IND,QB,25.0,205.92,Jacoby Brissett
85,Derek,Carr,2017,OAK,QB,26.0,202.44,Derek Carr
86,Josh,McCown,2017,NYJ,QB,38.0,205.44000000000003,Josh McCown
87,Jameis,Winston,2017,TAM,QB,23.0,199.66,Jameis Winston
88,Eli,Manning,2017,NYG,QB,36.0,187.32,Eli Manning
89,Joe,Flacco,2017,BAL,QB,32.0,183.04,Joe Flacco
90,DeShone,Kizer,2017,CLE,QB,21.0,175.66,DeShone Kizer
91,Deshaun,Watson,2017,HOU,QB,22.0,164.86,Deshaun Watson
92,Jay,Cutler,2017,MIA,QB,34.0,157.83999999999995,Jay Cutler
93,Mitchell,Trubisky,2017,CHI,QB,23.0,132.51999999999998,Mitchell Trubisky
94,Aaron,Rodgers,2017,GNB,QB,34.0,129.6,Aaron Rodgers
96,Trevor,Siemian,2017,DEN,QB,26.0,126.10000000000002,Trevor Siemian
98,Brett,Hundley,2017,GNB,QB,24.0,122.44,Brett Hundley
117,Carson,Palmer,2017,ARI,QB,38.0,102.32,Carson Palmer
130,C.J.,Beathard,2017,SFO,QB,24.0,88.8,C.J. Beathard
133,Jimmy,Garoppolo,2017,SFO,QB,26.0,87.9,Jimmy Garoppolo
155,Ryan,Fitzpatrick,2017,TAM,QB,35.0,73.72,Ryan Fitzpatrick
169,Brock,Osweiler,2017,DEN,QB,27.0,63.92,Brock Osweiler
178,Brian,Hoyer,2017,2TM,QB,32.0,63.88,Brian Hoyer
185,Blaine,Gabbert,2017,ARI,QB,28.0,59.64,Blaine Gabbert
209,Tom,Savage,2017,HOU,QB,27.0,50.67999999999999,Tom Savage
216,Drew,Stanton,2017,ARI,QB,33.0,50.46,Drew Stanton
237,Matt,Moore,2017,MIA,QB,33.0,41.34,Matt Moore
271,Nick,Foles,2017,PHI,QB,28.0,33.78,Nick Foles
272,Mike,Glennon,2017,CHI,QB,28.0,33.72,Mike Glennon
273,Kevin,Hogan,2017,CLE,QB,25.0,33.78,Kevin Hogan
275,T.J.,Yates,2017,HOU,QB,30.0,34.02,T.J. Yates
295,Sam,Bradford,2017,MIN,QB,30.0,26.98,Sam Bradford
305,Bryce,Petty,2017,NYJ,QB,26.0,25.26,Bryce Petty
324,David,Fales,2017,MIA,QB,27.0,19.4,David Fales
346,Paxton,Lynch,2017,DEN,QB,23.0,14.8,Paxton Lynch
354,EJ,Manuel,2017,OAK,QB,27.0,14.1,EJ Manuel
386,Patrick,Mahomes,2017,KAN,QB,22.0,10.36,Patrick Mahomes
387,Ryan,Mallett,2017,BAL,QB,29.0,9.94,Ryan Mallett
390,Nathan,Peterman,2017,BUF,QB,23.0,10.38,Nathan Peterman
392,Geno,Smith,2017,NYG,QB,27.0,9.68,Geno Smith
400,Landry,Jones,2017,PIT,QB,28.0,8.56,Landry Jones
414,Nate,Sudfeld,2017,PHI,QB,24.0,7.56,Nate Sudfeld
445,Sean,Mannion,2017,LAR,QB,25.0,5.2,Sean Mannion
451,Joe,Webb,2017,BUF,QB,31.0,4.800000000000002,Joe Webb
472,Cody,Kessler,2017,CLE,QB,24.0,2.94,Cody Kessler
475,A.J.,McCarron,2017,CIN,QB,27.0,2.64,A.J. McCarron
486,Matt,Cassel,2017,TEN,QB,35.0,2.4800000000000004,Matt Cassel
503,Taylor,Heinicke,2017,HOU,QB,24.0,0.6000000000000001,Taylor Heinicke
510,Cooper,Rush,2017,DAL,QB,24.0,1.38,Cooper Rush
511,Scott,Tolzien,2017,IND,QB,30.0,1.32,Scott Tolzien
515,Derek,Anderson,2017,CAR,QB,34.0,0.48,Derek Anderson
520,Joe,Callahan,2017,GNB,QB,24.0,0.44,Joe Callahan
526,Chase,Daniel,2017,NOR,QB,31.0,-0.2,Chase Daniel
527,Austin,Davis,2017,SEA,QB,28.0,-0.1,Austin Davis
561,Kellen,Clemens,2017,LAC,QB,34.0,-1.06,Kellen Clemens
562,Chad,Henne,2017,JAX,QB,32.0,-0.5,Chad Henne
567,Jake,Rudock,2017,DET,QB,24.0,-1.04,Jake Rudock
568,Tyler,Bray,2017,KAN,QB,26.0,-2.0,Tyler Bray
569,Teddy,Bridgewater,2017,MIN,QB,25.0,-2.3,Teddy Bridgewater
4,Patrick,Mahomes,2018,KAN,QB,23.0,415.08,Patrick Mahomes
20,Matt,Ryan,2018,ATL,QB,33.0,350.9600000000001,Matt Ryan
26,Ben,Roethlisberger,2018,PIT,QB,36.0,333.86,Ben Roethlisberger
30,Deshaun,Watson,2018,HOU,QB,23.0,331.7000000000001,Deshaun Watson
37,Andrew,Luck,2018,IND,QB,29.0,323.92,Andrew Luck
42,Aaron,Rodgers,2018,GNB,QB,35.0,306.58,Aaron Rodgers
44,Jared,Goff,2018,LAR,QB,24.0,304.32,Jared Goff
51,Drew,Brees,2018,NOR,QB,39.0,302.98,Drew Brees
57,Russell,Wilson,2018,SEA,QB,30.0,297.42,Russell Wilson
68,Dak,Prescott,2018,DAL,QB,25.0,281.9,Dak Prescott
69,Philip,Rivers,2018,LAC,QB,37.0,275.02,Philip Rivers
78,Cam,Newton,2018,CAR,QB,29.0,278.6,Cam Newton
79,Kirk,Cousins,2018,MIN,QB,30.0,277.11999999999995,Kirk Cousins
80,Tom,Brady,2018,NWE,QB,41.0,281.3,Tom Brady
81,Mitchell,Trubisky,2018,CHI,QB,24.0,255.02,Mitchell Trubisky
82,Eli,Manning,2018,NYG,QB,37.0,233.96,Eli Manning
83,Baker,Mayfield,2018,CLE,QB,23.0,236.1,Baker Mayfield
84,Derek,Carr,2018,OAK,QB,27.0,214.76,Derek Carr
85,Case,Keenum,2018,DEN,QB,30.0,214.9,Case Keenum
86,Matthew,Stafford,2018,DET,QB,30.0,212.18,Matthew Stafford
87,Josh,Allen,2018,BUF,QB,22.0,206.06,Josh Allen
88,Jameis,Winston,2018,TAM,QB,24.0,195.78,Jameis Winston
89,Carson,Wentz,2018,PHI,QB,26.0,191.66,Carson Wentz
90,Andy,Dalton,2018,CIN,QB,31.0,174.54,Andy Dalton
91,Marcus,Mariota,2018,TEN,QB,25.0,175.92000000000004,Marcus Mariota
92,Blake,Bortles,2018,JAX,QB,26.0,173.22,Blake Bortles
93,Sam,Darnold,2018,NYJ,QB,21.0,168.4,Sam Darnold
94,Ryan,Fitzpatrick,2018,TAM,QB,36.0,163.83999999999995,Ryan Fitzpatrick
95,Lamar,Jackson,2018,BAL,QB,21.0,157.54,Lamar Jackson
96,Ryan,Tannehill,2018,MIA,QB,30.0,142.96,Ryan Tannehill
97,Alex,Smith,2018,WAS,QB,34.0,138.0,Alex Smith
98,Joe,Flacco,2018,BAL,QB,33.0,137.1,Joe Flacco
102,Nick,Mullens,2018,SFO,QB,23.0,121.48,Nick Mullens
108,Josh,Rosen,2018,ARI,QB,21.0,110.92,Josh Rosen
147,Jeff,Driskel,2018,CIN,QB,25.0,83.12,Jeff Driskel
164,C.J.,Beathard,2018,SFO,QB,25.0,74.98,C.J. Beathard
165,Nick,Foles,2018,PHI,QB,29.0,76.22000000000001,Nick Foles
181,Brock,Osweiler,2018,MIA,QB,28.0,65.97999999999999,Brock Osweiler
220,Josh,Johnson,2018,WAS,QB,32.0,45.6,Josh Johnson
227,Jimmy,Garoppolo,2018,SFO,QB,27.0,46.02,Jimmy Garoppolo
250,Tyrod,Taylor,2018,CLE,QB,29.0,41.42,Tyrod Taylor
255,Cody,Kessler,2018,JAX,QB,25.0,38.66,Cody Kessler
274,Blaine,Gabbert,2018,TEN,QB,29.0,33.04,Blaine Gabbert
288,Taysom,Hill,2018,NOR,QB,28.0,33.56,Taysom Hill
292,Chase,Daniel,2018,CHI,QB,32.0,30.70000000000001,Chase Daniel
306,Kyle,Allen,2018,CAR,QB,22.0,26.54,Kyle Allen
309,Colt,McCoy,2018,WAS,QB,32.0,27.180000000000003,Colt McCoy
336,Josh,McCown,2018,NYJ,QB,39.0,20.76,Josh McCown
346,Matt,Barkley,2018,BUF,QB,28.0,17.080000000000002,Matt Barkley
371,Taylor,Heinicke,2018,CAR,QB,25.0,13.9,Taylor Heinicke
377,Sam,Bradford,2018,ARI,QB,31.0,12.7,Sam Bradford
380,Nathan,Peterman,2018,BUF,QB,24.0,12.84,Nathan Peterman
388,Mike,Glennon,2018,ARI,QB,29.0,10.96,Mike Glennon
416,Derek,Anderson,2018,BUF,QB,35.0,6.500000000000003,Derek Anderson
419,Teddy,Bridgewater,2018,NOR,QB,26.0,7.219999999999999,Teddy Bridgewater
439,DeShone,Kizer,2018,GNB,QB,22.0,5.380000000000001,DeShone Kizer
443,Nate,Sudfeld,2018,PHI,QB,25.0,4.68,Nate Sudfeld
477,Matt,Cassel,2018,DET,QB,36.0,1.66,Matt Cassel
485,Garrett,Gilbert,2018,CAR,QB,27.0,1.6,Garrett Gilbert
509,Joshua,Dobbs,2018,PIT,QB,23.0,0.8200000000000001,Joshua Dobbs
512,Robert,Griffin,2018,BAL,QB,28.0,0.84,Robert Griffin
515,Chad,Henne,2018,KAN,QB,33.0,1.46,Chad Henne
535,Joe,Webb,2018,HOU,QB,32.0,3.3,Joe Webb
574,Chad,Kelly,2018,DEN,QB,24.0,-0.1,Chad Kelly
579,Sean,Mannion,2018,LAR,QB,26.0,0.02,Sean Mannion
582,A.J.,McCarron,2018,OAK,QB,28.0,0.12,A.J. McCarron
593,Mark,Sanchez,2018,WAS,QB,32.0,0.3199999999999996,Mark Sanchez
594,Matt,Schaub,2018,ATL,QB,37.0,1.1,Matt Schaub
606,Brandon,Weeden,2018,HOU,QB,35.0,-0.1,Brandon Weeden
611,Jacoby,Brissett,2018,IND,QB,26.0,-0.62,Jacoby Brissett
612,Brian,Hoyer,2018,NWE,QB,33.0,-0.52,Brian Hoyer
614,Geno,Smith,2018,LAC,QB,28.0,-1.48,Geno Smith
619,Kyle,Lauletta,2018,NYG,QB,23.0,-2.2,Kyle Lauletta
1,Lamar,Jackson,2019,BAL,QB,22.0,415.68,Lamar Jackson
11,Dak,Prescott,2019,DAL,QB,26.0,335.7800000000001,Dak Prescott
13,Russell,Wilson,2019,SEA,QB,31.0,326.6,Russell Wilson
16,Deshaun,Watson,2019,HOU,QB,24.0,318.98,Deshaun Watson
29,Jameis,Winston,2019,TAM,QB,25.0,297.36,Jameis Winston
43,Josh,Allen,2019,BUF,QB,23.0,282.56,Josh Allen
47,Patrick,Mahomes,2019,KAN,QB,24.0,285.04,Patrick Mahomes
49,Kyler,Murray,2019,ARI,QB,22.0,279.28,Kyler Murray
55,Aaron,Rodgers,2019,GNB,QB,36.0,272.38000000000005,Aaron Rodgers
59,Carson,Wentz,2019,PHI,QB,27.0,271.86,Carson Wentz
68,Matt,Ryan,2019,ATL,QB,34.0,265.34,Matt Ryan
75,Tom,Brady,2019,NWE,QB,42.0,261.67999999999995,Tom Brady
78,Jared,Goff,2019,LAR,QB,25.0,247.52,Jared Goff
79,Jimmy,Garoppolo,2019,SFO,QB,28.0,243.32,Jimmy Garoppolo
80,Derek,Carr,2019,OAK,QB,28.0,244.36,Derek Carr
81,Kirk,Cousins,2019,MIN,QB,31.0,242.42,Kirk Cousins
82,Ryan,Fitzpatrick,2019,MIA,QB,37.0,239.46,Ryan Fitzpatrick
83,Philip,Rivers,2019,LAC,QB,38.0,233.50000000000003,Philip Rivers
84,Baker,Mayfield,2019,CLE,QB,24.0,227.18,Baker Mayfield
85,Gardner,Minshew,2019,JAX,QB,23.0,223.24,Gardner Minshew
86,Drew,Brees,2019,NOR,QB,40.0,224.76,Drew Brees
87,Ryan,Tannehill,2019,TEN,QB,31.0,222.18,Ryan Tannehill
88,Jacoby,Brissett,2019,IND,QB,27.0,215.68,Jacoby Brissett
89,Daniel,Jones,2019,NYG,QB,22.0,210.98,Daniel Jones
90,Andy,Dalton,2019,CIN,QB,32.0,199.66,Andy Dalton
91,Mitchell,Trubisky,2019,CHI,QB,25.0,200.82,Mitchell Trubisky
92,Sam,Darnold,2019,NYJ,QB,22.0,183.16,Sam Darnold
93,Kyle,Allen,2019,CAR,QB,23.0,177.48,Kyle Allen
94,Matthew,Stafford,2019,DET,QB,31.0,166.55999999999997,Matthew Stafford
116,Mason,Rudolph,2019,PIT,QB,24.0,108.8,Mason Rudolph
120,Case,Keenum,2019,WAS,QB,31.0,103.48,Case Keenum
135,Teddy,Bridgewater,2019,NOR,QB,27.0,90.46,Teddy Bridgewater
141,Joe,Flacco,2019,DEN,QB,34.0,82.88,Joe Flacco
143,Marcus,Mariota,2019,TEN,QB,26.0,85.02000000000002,Marcus Mariota
148,Taysom,Hill,2019,NOR,QB,29.0,102.2,Taysom Hill
154,Dwayne,Haskins,2019,WAS,QB,22.0,74.69999999999997,Dwayne Haskins
176,Drew,Lock,2019,DEN,QB,23.0,68.0,Drew Lock
192,Jeff,Driskel,2019,DET,QB,26.0,58.1,Jeff Driskel
204,David,Blough,2019,DET,QB,24.0,55.36,David Blough
205,Eli,Manning,2019,NYG,QB,38.0,54.38000000000001,Eli Manning
215,Devlin,Hodges,2019,PIT,QB,23.0,51.32,Devlin Hodges
242,Matt,Moore,2019,KAN,QB,35.0,42.26,Matt Moore
255,Nick,Foles,2019,JAX,QB,30.0,35.73999999999999,Nick Foles
269,Brandon,Allen,2019,DEN,QB,27.0,32.5,Brandon Allen
271,Matt,Schaub,2019,ATL,QB,38.0,30.90000000000001,Matt Schaub
292,Chase,Daniel,2019,CHI,QB,33.0,26.0,Chase Daniel
303,Ryan,Finley,2019,CIN,QB,25.0,24.66,Ryan Finley
328,Brian,Hoyer,2019,IND,QB,34.0,21.08,Brian Hoyer
342,Josh,Rosen,2019,MIA,QB,22.0,17.98,Josh Rosen
346,A.J.,McCarron,2019,HOU,QB,29.0,16.9,A.J. McCarron
347,Cam,Newton,2019,CAR,QB,30.0,16.68,Cam Newton
354,Robert,Griffin,2019,BAL,QB,29.0,16.0,Robert Griffin
372,Ben,Roethlisberger,2019,PIT,QB,37.0,12.739999999999998,Ben Roethlisberger
398,Luke,Falk,2019,NYJ,QB,25.0,8.64,Luke Falk
425,Matt,Barkley,2019,BUF,QB,29.0,5.959999999999999,Matt Barkley
427,Brett,Hundley,2019,ARI,QB,26.0,6.06,Brett Hundley
432,Tyrod,Taylor,2019,LAC,QB,30.0,6.0200000000000005,Tyrod Taylor
451,Mike,Glennon,2019,OAK,QB,30.0,4.24,Mike Glennon
452,Colt,McCoy,2019,WAS,QB,33.0,4.279999999999999,Colt McCoy
506,Will,Grier,2019,CAR,QB,24.0,1.3199999999999994,Will Grier
507,Ryan,Griffin,2019,TAM,QB,30.0,0.62,Ryan Griffin
518,Josh,McCown,2019,PHI,QB,40.0,0.76,Josh McCown
540,Tim,Boyle,2019,GNB,QB,25.0,-0.0999999999999999,Tim Boyle
562,Garrett,Gilbert,2019,CLE,QB,28.0,-0.3,Garrett Gilbert
580,Trace,McSorley,2019,BAL,QB,24.0,0.1,Trace McSorley
584,Nick,Mullens,2019,SFO,QB,24.0,-0.3,Nick Mullens
595,Trevor,Siemian,2019,NYJ,QB,28.0,0.12,Trevor Siemian
600,Alex,Tanney,2019,NYG,QB,32.0,0.04,Alex Tanney
611,Blake,Bortles,2019,LAR,QB,27.0,-0.78,Blake Bortles
612,Sean,Mannion,2019,MIN,QB,27.0,-1.46,Sean Mannion
617,Jarrett,Stidham,2019,NWE,QB,23.0,-1.64,Jarrett Stidham
6,Josh,Allen,2020,BUF,QB,24.0,396.0,Josh Allen
7,Aaron,Rodgers,2020,GNB,QB,37.0,383.0,Aaron Rodgers
8,Kyler,Murray,2020,ARI,QB,23.0,379.0,Kyler Murray
9,Patrick,Mahomes,2020,KAN,QB,25.0,374.0,Patrick Mahomes
10,Deshaun,Watson,2020,HOU,QB,25.0,369.0,Deshaun Watson
15,Russell,Wilson,2020,SEA,QB,32.0,360.0,Russell Wilson
22,Ryan,Tannehill,2020,TEN,QB,32.0,344.0,Ryan Tannehill
24,Tom,Brady,2020,TAM,QB,43.0,338.0,Tom Brady
28,Justin,Herbert,2020,LAC,QB,22.0,333.0,Justin Herbert
29,Lamar,Jackson,2020,BAL,QB,23.0,333.0,Lamar Jackson
44,Kirk,Cousins,2020,MIN,QB,32.0,306.0,Kirk Cousins
77,Matt,Ryan,2020,ATL,QB,35.0,282.0,Matt Ryan
78,Derek,Carr,2020,LVR,QB,29.0,272.0,Derek Carr
79,Ben,Roethlisberger,2020,PIT,QB,38.0,267.0,Ben Roethlisberger
80,Matthew,Stafford,2020,DET,QB,32.0,261.0,Matthew Stafford
81,Cam,Newton,2020,NWE,QB,31.0,261.0,Cam Newton
82,Baker,Mayfield,2020,CLE,QB,25.0,249.0,Baker Mayfield
83,Teddy,Bridgewater,2020,CAR,QB,28.0,241.0,Teddy Bridgewater
84,Jared,Goff,2020,LAR,QB,26.0,240.0,Jared Goff
85,Philip,Rivers,2020,IND,QB,39.0,240.0,Philip Rivers
86,Drew,Brees,2020,NOR,QB,41.0,209.0,Drew Brees
87,Carson,Wentz,2020,PHI,QB,28.0,198.0,Carson Wentz
88,Drew,Lock,2020,DEN,QB,24.0,181.0,Drew Lock
89,Daniel,Jones,2020,NYG,QB,23.0,180.0,Daniel Jones
90,Joe,Burrow,2020,CIN,QB,24.0,174.0,Joe Burrow
91,Gardner,Minshew,2020,JAX,QB,24.0,161.0,Gardner Minshew II
92,Mitchell,Trubisky,2020,CHI,QB,26.0,154.0,Mitchell Trubisky
93,Ryan,Fitzpatrick,2020,MIA,QB,38.0,154.0,Ryan Fitzpatrick
94,Andy,Dalton,2020,DAL,QB,33.0,137.0,Andy Dalton
95,Dak,Prescott,2020,DAL,QB,27.0,136.0,Dak Prescott
96,Tua,Tagovailoa,2020,MIA,QB,22.0,135.0,Tua Tagovailoa
97,Sam,Darnold,2020,NYJ,QB,23.0,134.0,Sam Darnold
110,Nick,Mullens,2020,SFO,QB,25.0,116.0,Nick Mullens
124,Jalen,Hurts,2020,PHI,QB,22.0,109.0,Jalen Hurts
128,Nick,Foles,2020,CHI,QB,31.0,104.0,Nick Foles
174,Alex,Smith,2020,WAS,QB,36.0,72.0,Alex Smith
188,Dwayne,Haskins,2020,WAS,QB,23.0,68.0,Dwayne Haskins
198,Jimmy,Garoppolo,2020,SFO,QB,29.0,64.0,Jimmy Garoppolo
203,Mike,Glennon,2020,JAX,QB,31.0,61.0,Mike Glennon
222,Joe,Flacco,2020,NYJ,QB,35.0,55.0,Joe Flacco
227,C.J.,Beathard,2020,SFO,QB,27.0,52.0,C.J. Beathard
233,Brandon,Allen,2020,CIN,QB,28.0,50.0,Brandon Allen
249,Kyle,Allen,2020,WAS,QB,24.0,45.0,Kyle Allen
294,Jeff,Driskel,2020,DEN,QB,27.0,30.0,Jeff Driskel
308,Jake,Luton,2020,JAX,QB,24.0,28.0,Jake Luton
316,Marcus,Mariota,2020,LVR,QB,27.0,26.0,Marcus Mariota
325,Chad,Henne,2020,KAN,QB,35.0,24.0,Chad Henne
334,Jacoby,Brissett,2020,IND,QB,28.0,21.0,Jacoby Brissett
343,Ryan,Finley,2020,CIN,QB,26.0,19.0,Ryan Finley
353,Colt,McCoy,2020,NYG,QB,34.0,18.0,Colt McCoy
357,Mason,Rudolph,2020,PIT,QB,25.0,18.0,Mason Rudolph
382,Blaine,Gabbert,2020,TAM,QB,31.0,15.0,Blaine Gabbert
383,Garrett,Gilbert,2020,DAL,QB,29.0,15.0,Garrett Gilbert
398,Jarrett,Stidham,2020,NWE,QB,24.0,13.0,Jarrett Stidham
399,John,Wolford,2020,LAR,QB,25.0,13.0,John Wolford
401,Chase,Daniel,2020,DET,QB,34.0,12.0,Chase Daniel
402,Taylor,Heinicke,2020,WAS,QB,27.0,12.0,Taylor Heinicke
415,Brett,Rypien,2020,DEN,QB,24.0,11.0,Brett Rypien
425,Matt,Barkley,2020,BUF,QB,30.0,9.0,Matt Barkley
433,Trace,McSorley,2020,BAL,QB,25.0,9.0,Trace McSorley
437,Tyrod,Taylor,2020,LAC,QB,31.0,9.0,Tyrod Taylor
438,Phillip,Walker,2020,CAR,QB,25.0,9.0,Phillip Walker
445,Chris,Streveler,2020,ARI,QB,25.0,8.0,Chris Streveler
447,Ben,DiNucci,2020,DAL,QB,24.0,7.0,Ben DiNucci
500,Robert,Griffin,2020,BAL,QB,30.0,3.0,Robert Griffin III
501,Tyler,Huntley,2020,BAL,QB,22.0,3.0,Tyler Huntley
509,David,Blough,2020,DET,QB,25.0,2.0,David Blough
512,Joshua,Dobbs,2020,PIT,QB,25.0,2.0,Joshua Dobbs
516,Brian,Hoyer,2020,NWE,QB,35.0,2.0,Brian Hoyer
519,Case,Keenum,2020,CLE,QB,32.0,2.0,Case Keenum
524,Nathan,Peterman,2020,LVR,QB,26.0,2.0,Nathan Peterman
529,Tommy,Stevens,2020,CAR,QB,24.0,2.0,Tommy Stevens
531,Jameis,Winston,2020,NOR,QB,26.0,2.0,Jameis Winston
533,Tyler,Bray,2020,CHI,QB,29.0,1.0,Tyler Bray
551,A.J.,McCarron,2020,HOU,QB,30.0,1.0,A.J. McCarron
556,Geno,Smith,2020,SEA,QB,30.0,1.0,Geno Smith
563,Logan,Woodside,2020,TEN,QB,25.0,1.0,Logan Woodside
601,Matt,Schaub,2020,ATL,QB,39.0,,Matt Schaub
607,Easton,Stick,2020,LAC,QB,25.0,,Easton Stick
618,Tim,Boyle,2020,GNB,QB,26.0,-1.0,Tim Boyle
622,Nate,Sudfeld,2020,PHI,QB,27.0,-2.0,Nate Sudfeld
3,Josh,Allen,2021,BUF,QB,25.0,403.0,Josh Allen
5,Justin,Herbert,2021,LAC,QB,23.0,381.0,Justin Herbert
6,Tom,Brady,2021,TAM,QB,44.0,375.0,Tom Brady
12,Patrick,Mahomes,2021,KAN,QB,26.0,362.0,Patrick Mahomes
17,Aaron,Rodgers,2021,GNB,QB,38.0,333.0,Aaron Rodgers
19,Matthew,Stafford,2021,LAR,QB,33.0,330.0,Matthew Stafford
22,Dak,Prescott,2021,DAL,QB,28.0,321.0,Dak Prescott
28,Joe,Burrow,2021,CIN,QB,25.0,314.0,Joe Burrow
30,Jalen,Hurts,2021,PHI,QB,23.0,312.0,Jalen Hurts
39,Kyler,Murray,2021,ARI,QB,24.0,300.0,Kyler Murray
40,Kirk,Cousins,2021,MIN,QB,33.0,300.0,Kirk Cousins
77,Ryan,Tannehill,2021,TEN,QB,33.0,268.0,Ryan Tannehill
78,Carson,Wentz,2021,IND,QB,29.0,258.0,Carson Wentz
79,Derek,Carr,2021,LVR,QB,30.0,257.0,Derek Carr
80,Russell,Wilson,2021,SEA,QB,33.0,243.0,Russell Wilson
81,Lamar,Jackson,2021,BAL,QB,24.0,240.0,Lamar Jackson
82,Jimmy,Garoppolo,2021,SFO,QB,30.0,228.0,Jimmy Garoppolo
83,Mac,Jones,2021,NWE,QB,23.0,225.0,Mac Jones
84,Matt,Ryan,2021,ATL,QB,36.0,223.0,Matt Ryan
85,Taylor,Heinicke,2021,WAS,QB,28.0,223.0,Taylor Heinicke
86,Ben,Roethlisberger,2021,PIT,QB,39.0,218.0,Ben Roethlisberger
87,Teddy,Bridgewater,2021,DEN,QB,29.0,203.0,Teddy Bridgewater
88,Trevor,Lawrence,2021,JAX,QB,22.0,199.0,Trevor Lawrence
89,Jared,Goff,2021,DET,QB,27.0,195.0,Jared Goff
90,Baker,Mayfield,2021,CLE,QB,26.0,181.0,Baker Mayfield
91,Tua,Tagovailoa,2021,MIA,QB,23.0,181.0,Tua Tagovailoa
92,Daniel,Jones,2021,NYG,QB,24.0,168.0,Daniel Jones
93,Sam,Darnold,2021,CAR,QB,24.0,157.0,Sam Darnold
94,Davis,Mills,2021,HOU,QB,23.0,157.0,Davis Mills
95,Zach,Wilson,2021,NYJ,QB,22.0,152.0,Zach Wilson
98,Justin,Fields,2021,CHI,QB,22.0,127.0,Justin Fields
105,Taysom,Hill,2021,NOR,QB,31.0,122.0,Taysom Hill
108,Jameis,Winston,2021,NOR,QB,27.0,117.0,Jameis Winston
143,Trevor,Siemian,2021,NOR,QB,30.0,90.0,Trevor Siemian
147,Cam,Newton,2021,CAR,QB,32.0,86.0,Cam Newton
155,Andy,Dalton,2021,CHI,QB,34.0,84.0,Andy Dalton
159,Tyler,Huntley,2021,BAL,QB,23.0,83.0,Tyler Huntley
164,Tyrod,Taylor,2021,HOU,QB,32.0,82.0,Tyrod Taylor
179,Jacoby,Brissett,2021,MIA,QB,29.0,72.0,Jacoby Brissett
189,Trey,Lance,2021,SFO,QB,21.0,65.0,Trey Lance
218,Geno,Smith,2021,SEA,QB,31.0,54.0,Geno Smith
226,Drew,Lock,2021,DEN,QB,25.0,52.0,Drew Lock
238,Josh,Johnson,2021,2TM,QB,35.0,46.0,Josh Johnson
248,Mike,White,2021,NYJ,QB,26.0,44.0,Mike White
261,Colt,McCoy,2021,ARI,QB,35.0,41.0,Colt McCoy
296,Gardner,Minshew,2021,PHI,QB,25.0,34.0,Gardner Minshew II
308,Mike,Glennon,2021,NYG,QB,32.0,31.0,Mike Glennon
313,Case,Keenum,2021,CLE,QB,33.0,29.0,Case Keenum
327,Tim,Boyle,2021,DET,QB,27.0,24.0,Tim Boyle
328,Joe,Flacco,2021,NYJ,QB,36.0,24.0,Joe Flacco
330,Cooper,Rush,2021,DAL,QB,28.0,24.0,Cooper Rush
348,Jordan,Love,2021,GNB,QB,23.0,21.0,Jordan Love
362,Mason,Rudolph,2021,PIT,QB,26.0,18.0,Mason Rudolph
364,Nick,Foles,2021,CHI,QB,32.0,17.0,Nick Foles
379,Marcus,Mariota,2021,LVR,QB,28.0,15.0,Marcus Mariota
385,Brandon,Allen,2021,CIN,QB,29.0,14.0,Brandon Allen
389,P.J.,Walker,2021,CAR,QB,26.0,14.0,P.J. Walker
392,Sean,Mannion,2021,MIN,QB,29.0,13.0,Sean Mannion
400,Brian,Hoyer,2021,NWE,QB,36.0,12.0,Brian Hoyer
408,Jake,Fromm,2021,NYG,QB,23.0,11.0,Jake Fromm
425,Nick,Mullens,2021,CLE,QB,26.0,10.0,Nick Mullens
437,Kyle,Allen,2021,WAS,QB,25.0,8.0,Kyle Allen
439,Garrett,Gilbert,2021,WAS,QB,30.0,8.0,Garrett Gilbert
444,Mitchell,Trubisky,2021,BUF,QB,27.0,8.0,Mitchell Trubisky
495,Chad,Henne,2021,KAN,QB,36.0,3.0,Chad Henne
513,C.J.,Beathard,2021,JAX,QB,28.0,2.0,C.J. Beathard
515,Ian,Book,2021,NOR,QB,23.0,2.0,Ian Book
519,Blaine,Gabbert,2021,TAM,QB,32.0,2.0,Blaine Gabbert
532,Chris,Streveler,2021,ARI,QB,26.0,2.0,Chris Streveler
538,David,Blough,2021,DET,QB,26.0,1.0,David Blough
545,Sam,Ehlinger,2021,IND,QB,23.0,1.0,Sam Ehlinger
546,Ryan,Fitzpatrick,2021,WAS,QB,39.0,1.0,Ryan Fitzpatrick
583,Kurt,Benkert,2021,GNB,QB,26.0,,Kurt Benkert
597,Chase,Daniel,2021,LAC,QB,35.0,,Chase Daniel
630,Kellen,Mond,2021,MIN,QB,22.0,,Kellen Mond
635,Nathan,Peterman,2021,LVR,QB,27.0,,Nathan Peterman
638,Brett,Rypien,2021,DEN,QB,25.0,,Brett Rypien
655,Davis,Webb,2021,BUF,QB,26.0,,Davis Webb
661,Jacob,Eason,2021,IND,QB,24.0,-1.0,Jacob Eason
662,Feleipe,Franks,2021,ATL,QB,24.0,-1.0,Feleipe Franks
665,Logan,Woodside,2021,TEN,QB,26.0,-1.0,Logan Woodside
668,John,Wolford,2021,LAR,QB,26.0,-2.0,John Wolford
669,Josh,Rosen,2021,ATL,QB,24.0,-3.0,Josh Rosen
